recno,Name,Survey,zHD,e_zHD,zCMB,zHel,mBcorr,e_mBcorr,c,e_c,x1,e_x1,mB,e_mB,B14,SDSSII-SN,K17,PS1MD,B19,F18,C22,SimbadName,_RA,_DE
710,"2007jd","CSP",0.07222,8.9E-4,0.07196,0.07268,18.379,0.198,0.041,0.026,-0.876,0.103,18.615,0.046,0,0,0,0,0,0,0,"SN 2007jd",44.9737,1.16023
322,"ASASSN-16bn","CNIa0.02",0.02241,8.6E-4,0.02253,0.02317,15.786,0.213,-0.088,0.04,1.468,0.349,15.384,0.102,0,0,0,0,0,0,1,"ASASSN-16bn",47.64375,4.2697
307,"1995ak","CfA1",0.02203,8.5E-4,0.02193,0.02269,15.421,0.246,0.072,0.033,-1.061,0.119,15.776,0.049,1,0,0,0,0,0,1,"SN 1995ak",41.45346,3.23058
310,"ATLAS16dpb","FOUND",0.02215,8.5E-4,0.02238,0.02309,15.795,0.287,0.098,0.049,-2.548,0.221,16.465,0.109,0,0,0,0,0,0,1,"ATLAS16dpb",44.39171,5.97814
544,"2003iv","CfA3S",0.03491,8.8E-4,0.03351,0.03426,16.659,0.163,-0.077,0.037,-2.072,0.188,16.792,0.081,1,0,0,1,2,0,1,"SN 2003iv",42.53018,12.84591
443,"AT2017ns","FOUND",0.02849,9.4E-4,0.02802,0.02877,15.943,0.366,0.227,0.043,-0.966,0.267,16.843,0.075,0,0,0,0,0,1,1,"AT2017ns",42.29325,14.60073
522,"2006os","CSP",0.03294,8.8E-4,0.03212,0.03285,16.546,0.325,0.279,0.031,-0.669,0.061,17.345,0.084,0,0,1,0,0,0,1,"SN 2006os",43.75421,16.00967
251,"PS15coh","FOUND",0.01839,8.5E-4,0.01796,0.01884,15.186,0.225,-0.036,0.039,1.342,0.099,14.95,0.085,0,0,0,0,0,1,1,"PS15coh",33.99358,12.23716
162,"ASASSN-16la","FOUND",0.01424,8.5E-4,0.01424,0.01506,14.591,0.264,-0.102,0.044,0.832,0.135,14.26,0.119,0,0,0,0,0,0,1,"ASASSN-16la",37.32283,18.08787
148,"1999dq","LOSS1",0.01312,8.5E-4,0.01334,0.01413,14.267,0.272,-0.029,0.042,0.82,0.04,14.077,0.069,1,0,0,0,0,0,1,"SN 1999dq",38.49867,20.97511
149,"1999dq","CfA2",0.01312,8.5E-4,0.01334,0.01413,14.219,0.26,0.011,0.03,0.867,0.034,14.124,0.069,1,0,0,0,0,0,1,"SN 1999dq",38.49867,20.97511
408,"ASASSN-15uu","FOUND",0.02632,8.6E-4,0.02579,0.02678,15.769,0.371,0.163,0.038,0.964,0.184,16.293,0.056,0,0,0,0,0,1,1,"ASASSN-15uu",25.98572,17.06234
465,"ASASSN-16hh","CNIa0.02",0.02978,8.6E-4,0.02935,0.03026,16.249,0.188,-0.087,0.041,0.842,0.407,15.941,0.084,0,0,0,0,0,0,1,"ASASSN-16hh",31.15587,21.58606
86,"2005W","CSP",0.00855,8.4E-4,0.00861,0.00954,13.599,0.317,0.088,0.024,-0.431,0.055,13.907,0.046,0,0,1,0,0,0,1,"SN 2005W",27.69062,21.75989
717,"2010hs","LOSS2",0.0756,0.00508,0.07514,0.076,18.561,0.288,-0.102,0.048,1.12,0.552,18.152,0.076,0,0,0,0,0,0,1,"SN 2010hs",36.41308,24.76489
547,"2005eu","LOSS1",0.03516,0.00507,0.03369,0.03449,16.548,0.483,-0.19,0.033,0.098,0.069,16.129,0.078,1,0,0,0,0,0,1,"SN 2005eu",36.93042,28.17717
548,"2005eu","CfA3K",0.03516,0.00507,0.03369,0.03449,16.551,0.481,-0.084,0.035,0.855,0.096,16.251,0.079,1,0,0,0,0,0,1,"SN 2005eu",36.93042,28.17717
223,"ASASSN-15ti","FOUND",0.01692,8.5E-4,0.01671,0.01732,15.236,0.309,-0.042,0.041,-1.479,0.109,15.405,0.092,0,0,0,0,0,1,1,"ASASSN-15ti",46.2859,37.9002
605,"2007kk","LOSS2",0.04285,8.8E-4,0.0413,0.04177,16.999,0.173,-0.05,0.042,0.942,0.217,16.733,0.126,0,0,0,1,2,0,1,"SN 2007kk",55.59691,39.24175
606,"2007kk","CfA4p1",0.04285,8.8E-4,0.0413,0.04177,16.954,0.164,-0.05,0.042,0.935,0.136,16.688,0.125,0,0,0,1,2,0,1,"SN 2007kk",55.59691,39.24175
242,"2008L","LOSS1",0.01778,8.5E-4,0.01734,0.01789,15.083,0.208,-0.115,0.04,-1.582,0.106,15.06,0.096,0,0,0,1,2,0,1,"SN 2008L",49.31915,41.38229
243,"2008L","CfA3K",0.01778,8.5E-4,0.01734,0.01789,14.993,0.212,-0.142,0.04,-1.524,0.097,14.913,0.095,0,0,0,1,2,0,1,"SN 2008L",49.31915,41.38229
298,"SN2016ajf","FOUND",0.02134,8.5E-4,0.01978,0.02032,15.51,0.339,0.203,0.05,-2.931,0.171,16.539,0.101,0,0,0,0,0,0,1,"SN2016ajf",49.97696,41.56486
648,"2007kh","CfA4p1",0.05032,0.00508,0.04944,0.05,17.287,0.453,0.119,0.063,0.613,0.396,17.613,0.134,0,0,0,1,2,0,1,"SN 2007kh",48.8002,43.17039
397,"PSNJ0153424","FOUND",0.02556,8.5E-4,0.02474,0.02565,15.93,0.232,0.069,0.034,-0.609,0.091,16.23,0.048,0,0,0,0,0,1,1,"PSN J01534240+2956107",28.42667,29.93631
237,"2004fz","LOSS1",0.01743,8.5E-4,0.01646,0.01732,14.527,0.33,-0.044,0.024,-1.275,0.059,14.657,0.043,0,0,0,0,0,0,1,"SN 2004fz",30.27671,31.87894
578,"2002eu","LOSS1",0.0379,9.3E-4,0.03672,0.03763,16.809,0.161,0.006,0.024,-2.068,0.11,17.131,0.04,0,0,0,1,0,0,1,"SN 2002eu",27.43167,32.62861
735,"SN2016grz","FOUND",0.08704,0.00103,0.08656,0.08748,18.595,0.215,0.054,0.039,0.812,0.424,18.652,0.053,0,0,0,0,0,0,1,"SN2016grz",28.88729,33.82297
184,"SN2017jl","FOUND",0.01525,9.6E-4,0.01529,0.01633,14.518,0.301,-0.002,0.034,0.603,0.122,14.513,0.056,0,0,0,0,0,1,1,"SN2017jl",14.3829,30.18523
220,"PSNJ0107203","FOUND",0.01682,8.5E-4,0.01601,0.01701,14.714,0.283,-0.099,0.041,-1.987,0.191,14.792,0.059,0,0,0,0,0,0,1,"PSN J01072038+3223598",16.83492,32.39994
230,"2000dk","LOSS1",0.0173,8.5E-4,0.01649,0.01749,14.891,0.281,-0.093,0.043,-2.442,0.102,15.047,0.052,1,0,0,0,0,0,1,"SN 2000dk",16.848,32.40644
231,"2000dk","CfA2",0.0173,8.5E-4,0.01649,0.01749,14.899,0.256,-0.037,0.029,-2.038,0.078,15.121,0.05,1,0,0,0,0,0,1,"SN 2000dk",16.848,32.40644
221,"1998ef","LOSS1",0.0169,8.5E-4,0.0161,0.01711,14.588,0.288,-0.064,0.042,-1.017,0.058,14.592,0.053,1,0,0,0,0,0,1,"SN 1998ef",15.86196,32.23678
222,"1998ef","CfA2",0.0169,8.5E-4,0.0161,0.01711,14.645,0.263,-0.11,0.03,-1.196,0.111,14.576,0.053,1,0,0,0,0,0,1,"SN 1998ef",15.86196,32.23678
190,"1999ej","LOSS1",0.0155,8.5E-4,0.01534,0.0163,15.005,0.271,-0.067,0.042,-1.857,0.07,15.127,0.052,0,0,0,0,0,0,1,"SN 1999ej",20.73908,33.46611
191,"1999ej","CfA2",0.0155,8.5E-4,0.01534,0.0163,14.958,0.257,-0.035,0.037,-1.523,0.23,15.108,0.067,0,0,0,0,0,0,1,"SN 1999ej",20.73908,33.46611
192,"2001en","LOSS1",0.0155,8.5E-4,0.01534,0.01629,14.746,0.285,-0.051,0.026,-0.766,0.045,14.779,0.042,1,0,0,1,2,0,1,"SN 2001en",21.34523,34.02502
193,"2001en","CfA3S",0.0155,8.5E-4,0.01534,0.01629,14.632,0.313,0.006,0.029,-0.965,0.075,14.864,0.046,1,0,0,1,2,0,1,"SN 2001en",21.34523,34.02502
553,"2016fbk","LOSS2",0.03576,8.6E-4,0.03495,0.03587,16.706,0.224,0.093,0.028,-0.491,0.113,17.007,0.04,0,0,0,0,0,0,0,"SN 2016fbk",26.02737,34.38283
554,"AT2016fbk","FOUND",0.03576,8.6E-4,0.03495,0.03587,16.902,0.229,0.087,0.035,-0.008,0.138,17.139,0.048,0,0,0,0,0,0,1,"AT2016fbk",26.02737,34.38283
185,"ASASSN-16ad","FOUND",0.01529,8.5E-4,0.01522,0.01613,14.78,0.343,0.014,0.033,0.105,0.073,14.903,0.046,0,0,0,0,0,0,1,"ASASSN-16ad",24.8835,33.8267
126,"iPTF13ebh","SOUSA",0.01114,8.5E-4,0.01238,0.01317,14.481,0.341,0.023,0.051,-2.415,0.141,14.914,0.059,0,0,0,0,0,0,1,"iPTF13ebh",35.49992,33.27047
127,"iPTF13ebh","CSP",0.01114,8.5E-4,0.01238,0.01317,14.384,0.294,0.019,0.025,-2.158,0.027,14.765,0.049,0,0,0,0,0,0,1,"iPTF13ebh",35.49992,33.27047
627,"2005lz","CfA3K",0.04643,8.8E-4,0.04541,0.04624,17.072,0.193,0.06,0.032,-1.227,0.128,17.397,0.059,1,0,0,1,2,0,1,"SN 2005lz",32.7072,34.98273
169,"2006td","CfA3K",0.0145,8.5E-4,0.01504,0.01588,14.92,0.364,0.091,0.03,-1.379,0.11,15.497,0.059,1,0,0,1,2,0,1,"SN 2006td",29.56567,36.34938
568,"2002hu","CfA3S",0.03705,0.00132,0.03591,0.0367,16.711,0.164,-0.1,0.027,0.523,0.093,16.397,0.037,1,0,0,0,2,0,1,"SN 2002hu",34.58345,37.46627
410,"1999gp","CfA2",0.02691,8.6E-4,0.02603,0.02675,16.016,0.181,0.015,0.026,1.661,0.039,15.805,0.042,1,0,0,0,0,0,1,"SN 1999gp",37.91312,39.38119
411,"1999gp","LOSS1",0.02691,8.6E-4,0.02603,0.02675,16.036,0.204,-0.046,0.042,1.39,0.112,15.715,0.045,1,0,0,0,0,0,1,"SN 1999gp",37.91312,39.38119
265,"2016W","FOUND",0.01995,8.5E-4,0.01855,0.01925,15.112,0.294,0.047,0.037,-1.425,0.107,15.565,0.056,0,0,0,0,0,0,1,"SN 2016W",37.66537,42.23581
262,"2008hs","SOUSA",0.01975,8.5E-4,0.01835,0.01906,15.504,0.466,-0.001,0.052,-2.711,0.188,15.911,0.051,0,0,0,0,2,0,1,"SN 2008hs",36.37342,41.84308
263,"2008hs","CfA4p1",0.01975,8.5E-4,0.01835,0.01906,15.486,0.433,-0.009,0.035,-2.501,0.111,15.842,0.051,0,0,0,0,2,0,1,"SN 2008hs",36.37342,41.84308
350,"ASASSN-15tz","FOUND",0.02365,8.5E-4,0.0222,0.02286,15.701,0.273,0.114,0.046,-1.518,0.154,16.265,0.102,0,0,0,0,0,1,1,"ASASSN-15tz",40.28692,43.68022
570,"2001eh","LOSS1",0.03725,8.8E-4,0.03627,0.03713,16.754,0.132,-0.043,0.026,1.786,0.092,16.382,0.043,1,0,0,0,0,0,1,"SN 2001eh",24.55042,41.65522
571,"2001eh","CfA3S",0.03725,8.8E-4,0.03627,0.03713,16.74,0.147,-0.03,0.028,1.713,0.132,16.407,0.045,1,0,0,0,0,0,1,"SN 2001eh",24.55042,41.65522
198,"2008eo","LOSS2",0.01565,9.2E-4,0.01539,0.01643,15.079,0.277,0.002,0.023,1.064,0.088,14.997,0.052,0,0,0,0,0,0,1,"SN 2008eo",10.46683,32.99033
566,"2006mo","CfA3K",0.03702,8.8E-4,0.03616,0.03719,16.817,0.173,0.01,0.031,-2.193,0.112,17.166,0.044,1,0,0,1,2,0,1,"SN 2006mo",11.66033,36.33269
274,"2002jy","CfA3S",0.02024,8.5E-4,0.0187,0.0196,15.746,0.186,-0.038,0.028,0.942,0.102,15.514,0.043,1,0,0,0,2,0,1,"SN 2002jy",20.31763,40.49869
579,"2008gb","CfA4p1",0.03796,8.7E-4,0.03641,0.037,16.836,0.197,-0.026,0.042,0.036,0.268,16.809,0.113,0,0,0,1,2,0,1,"SN 2008gb",44.48792,46.86572
430,"PSNJ0252467","FOUND",0.02816,8.6E-4,0.02748,0.02809,16.108,0.189,-0.099,0.044,-0.242,0.141,15.943,0.114,0,0,0,0,0,1,1,"PSN J02524671+4656470",43.1946,46.9464
153,"2008hv","SOUSA",0.01375,8.5E-4,0.0136,0.01255,14.544,0.277,-0.13,0.045,-1.383,0.119,14.469,0.04,0,0,1,1,2,0,1,"SN 2008hv",136.89192,3.39225
154,"2008hv","CSP",0.01375,8.5E-4,0.0136,0.01255,14.515,0.231,-0.108,0.023,-1.243,0.033,14.46,0.028,0,0,1,1,2,0,1,"SN 2008hv",136.89192,3.39225
155,"2008hv","CfA4p1",0.01375,8.5E-4,0.0136,0.01255,14.519,0.234,-0.131,0.027,-1.47,0.063,14.453,0.035,0,0,1,1,2,0,1,"SN 2008hv",136.89192,3.39225
286,"2003W","LOSS1",0.02082,8.5E-4,0.02087,0.01979,15.421,0.229,0.068,0.022,-0.009,0.043,15.603,0.036,1,0,0,0,0,0,1,"SN 2003W",146.70617,16.04378
287,"2003W","CfA3S",0.02082,8.5E-4,0.02087,0.01979,15.382,0.253,0.102,0.026,0.049,0.064,15.645,0.04,1,0,0,0,0,0,1,"SN 2003W",146.70617,16.04378
513,"2007ux","CSP",0.03264,8.6E-4,0.03183,0.0307,16.628,0.188,0.045,0.024,-1.937,0.051,17.031,0.033,0,0,1,1,0,0,1,"SN 2007ux",152.33325,14.99244
514,"2007ux","CfA4p1",0.03264,8.6E-4,0.03183,0.0307,16.413,0.273,0.147,0.039,-2.514,0.108,17.148,0.056,0,0,1,1,0,0,1,"SN 2007ux",152.33325,14.99244
709,"PS15mt","FOUND",0.07193,9.0E-4,0.07193,0.07085,18.309,0.179,-0.076,0.037,1.614,0.301,17.925,0.039,0,0,0,0,0,1,1,"PS15mt",148.68404,23.19808
402,"2005M","LOSS1",0.02598,8.6E-4,0.02584,0.02484,16.04,0.178,-0.092,0.027,1.508,0.072,15.623,0.033,0,0,0,0,0,0,1,"SN 2005M",144.3865,23.20278
403,"2005M","CSP",0.02598,8.6E-4,0.02584,0.02484,15.855,0.196,-0.016,0.021,1.277,0.031,15.679,0.027,0,0,0,0,0,0,1,"SN 2005M",144.3865,23.20278
404,"2005M","CfA3K",0.02598,8.6E-4,0.02584,0.02484,15.582,0.347,0.144,0.044,1.552,0.332,15.897,0.056,0,0,0,0,0,0,1,"SN 2005M",144.3865,23.20278
175,"2001fe","CfA3S",0.01467,8.5E-4,0.01448,0.01351,14.639,0.239,-0.055,0.026,0.743,0.097,14.43,0.032,1,0,0,0,2,0,1,"SN 2001fe",144.48759,25.49468
444,"2004gs","CSP",0.02857,8.6E-4,0.02829,0.0274,16.347,0.233,0.099,0.023,-1.881,0.032,16.882,0.028,0,0,0,0,0,0,1,"SN 2004gs",129.59917,17.63139
206,"1999aa","LOSS1",0.0159,8.5E-4,0.01579,0.01497,14.913,0.241,-0.074,0.04,1.571,0.091,14.505,0.039,1,0,0,0,0,0,1,"SN 1999aa",126.92512,21.48744
207,"1999aa","CfA2",0.0159,8.5E-4,0.01579,0.01497,14.879,0.208,-0.107,0.026,1.174,0.034,14.458,0.036,1,0,0,0,0,0,1,"SN 1999aa",126.92512,21.48744
406,"2005mc","CSP",0.02626,8.6E-4,0.02597,0.02515,16.033,0.288,0.175,0.026,-1.917,0.052,16.77,0.041,0,0,1,0,0,0,1,"SN 2005mc",126.7765,21.646
407,"2005mc","CfA3K",0.02626,8.6E-4,0.02597,0.02515,16.09,0.322,0.208,0.031,-2.679,0.121,17.003,0.04,0,0,1,0,0,0,1,"SN 2005mc",126.7765,21.646
170,"2013gq","LOSS2",0.01453,8.5E-4,0.01457,0.01381,14.5,0.215,-0.102,0.022,-0.74,0.077,14.379,0.04,0,0,0,0,0,0,1,"SN 2013gq",124.473,23.4696
740,"iPTF17dz","FOUND",0.09293,0.01004,0.09284,0.092,18.97,0.493,0.114,0.084,1.723,1.058,19.079,0.175,0,0,0,0,0,1,1,"SN 2017dz",126.107,24.99764
342,"2009cz","SOUSA",0.02343,8.5E-4,0.02315,0.02227,15.605,0.259,0.008,0.05,0.735,0.259,15.519,0.041,0,0,1,0,0,0,1,"SN 2009cz",138.75,29.7353
343,"2009cz","CSP",0.02343,8.5E-4,0.02315,0.02227,15.605,0.168,-0.029,0.022,0.704,0.052,15.43,0.026,0,0,1,0,0,0,1,"SN 2009cz",138.75,29.7353
333,"2014ai","LOSS2",0.02313,8.5E-4,0.02317,0.02233,15.77,0.27,0.084,0.038,-1.001,0.255,16.147,0.05,0,0,0,0,0,0,1,"SN 2014ai",139.93404,33.76372
139,"2009kq","LOSS2",0.01259,8.6E-4,0.01247,0.01169,14.334,0.259,-0.055,0.027,-0.139,0.069,14.263,0.037,0,0,0,1,2,0,1,"SN 2009kq",129.06287,28.06714
140,"2009kq","CfA4p2",0.01259,8.6E-4,0.01247,0.01169,14.265,0.265,-0.037,0.031,-0.088,0.146,14.234,0.044,0,0,0,1,2,0,1,"SN 2009kq",129.06287,28.06714
85,"2001bg","LOSS1",0.00855,8.4E-4,0.00796,0.00719,13.44,0.358,0.098,0.04,-0.376,0.091,13.768,0.04,0,0,0,0,0,0,1,"SN 2001bg",128.82858,28.46828
301,"ASASSN-15uv","FOUND",0.02153,8.5E-4,0.02104,0.02028,15.358,0.392,0.274,0.033,0.265,0.126,16.354,0.043,0,0,0,0,0,1,1,"ASASSN-15uv",126.78388,27.81159
409,"2005ms","CfA3K",0.02669,8.6E-4,0.02595,0.02522,16.055,0.178,-0.056,0.027,0.437,0.077,15.89,0.035,1,0,0,1,2,0,1,"SN 2005ms",132.30968,36.12964
53,"2019np","CNIa0.02",0.00648,8.4E-4,0.0055,0.00452,13.208,0.317,-0.028,0.019,0.115,0.05,13.127,0.025,0,0,0,0,0,0,1,"SN 2019np",157.34158,29.51064
54,"2019np","FOUND",0.00648,8.4E-4,0.0055,0.00452,13.181,0.321,-0.025,0.03,0.114,0.074,13.116,0.036,0,0,0,0,0,0,1,"SN 2019np",157.34158,29.51064
308,"2009na","CfA4p2",0.02205,8.5E-4,0.02209,0.02104,15.495,0.197,-0.057,0.029,-0.709,0.1,15.498,0.035,0,0,0,1,2,0,1,"SN 2009na",161.75592,26.54392
572,"ASASSN-16db","FOUND",0.0373,8.6E-4,0.03589,0.03486,16.617,0.188,0.016,0.036,-1.007,0.154,16.817,0.043,0,0,0,0,0,0,1,"ASASSN-16db",167.35732,29.57322
62,"1992G","LOWZ",0.00692,8.4E-4,0.00611,0.00523,13.188,0.439,0.021,0.058,-0.216,0.105,13.281,0.078,0,0,0,0,0,0,1,"SN 1992G",159.07737,37.32117
400,"SN2017ms","FOUND",0.02591,8.6E-4,0.02538,0.02448,15.865,0.198,-0.12,0.034,0.432,0.232,15.549,0.038,0,0,0,0,0,1,1,"SN2017ms",156.6765,36.68049
87,"ASASSN-15so","FOUND",0.00857,8.4E-4,0.00773,0.00702,13.5,0.266,-0.055,0.032,-0.714,0.079,13.488,0.038,0,0,0,0,0,1,1,"ASASSN-15so",168.546,48.3187
543,"2003kc","CfA3S",0.03479,8.6E-4,0.0341,0.03316,16.604,0.204,0.059,0.037,-0.627,0.171,16.842,0.057,0,0,0,0,0,0,1,"SN 2003kc",146.643,30.65528
57,"1995al","CfA1",0.00673,8.4E-4,0.00592,0.00504,13.106,0.358,0.036,0.026,1.203,0.121,13.029,0.031,0,0,0,0,0,0,1,"SN 1995al",147.73321,33.55261
293,"2008Z","LOSS1",0.02118,8.5E-4,0.02146,0.02062,15.865,0.31,0.09,0.027,0.656,0.112,16.139,0.03,0,0,0,0,2,0,1,"SN 2008Z",145.81354,36.28442
294,"2008Z","CfA4p1",0.02118,8.5E-4,0.02146,0.02062,15.953,0.303,0.083,0.027,0.984,0.095,16.158,0.031,0,0,0,0,2,0,1,"SN 2008Z",145.81354,36.28442
624,"PS17tn","FOUND",0.0459,8.7E-4,0.04549,0.0447,17.128,0.194,0.044,0.035,-0.609,0.179,17.335,0.039,0,0,0,0,0,1,1,"PS17tn",145.80683,41.31728
241,"2013gs","SOUSA",0.01776,8.5E-4,0.01748,0.01681,14.969,0.319,0.036,0.048,-0.229,0.16,15.196,0.039,0,0,0,0,0,0,1,"SN 2013gs",142.787,46.3848
701,"PS17yt","FOUND",0.07073,8.9E-4,0.07046,0.06976,18.226,0.174,-0.154,0.038,0.41,0.271,17.823,0.04,0,0,0,0,0,1,1,"PS17yt",150.9915,49.04119
603,"2006cf","CfA3K",0.04268,8.7E-4,0.04223,0.04146,17.04,0.149,-0.125,0.032,-0.261,0.206,16.792,0.04,0,0,0,0,0,0,1,"SN 2006cf",163.51075,46.02675
721,"Gaia16acv","FOUND",0.07859,9.0E-4,0.07833,0.07772,18.579,0.144,-0.158,0.031,0.568,0.283,18.141,0.039,0,0,0,0,0,0,1,"Gaia16acv",179.9575,54.80211
13,"1998aq","LOWZ",0.00349,8.4E-4,0.00369,0.00313,12.244,0.545,-0.119,0.025,-0.452,0.036,12.05,0.03,0,0,0,0,0,0,1,"SN 1998aq",179.10779,55.12867
12,"2011by","LOSS2",0.00349,8.4E-4,0.00369,0.00313,12.54,0.552,0.011,0.019,-0.334,0.044,12.627,0.023,0,0,0,0,0,0,1,"SN 2011by",178.93983,55.32606
699,"2008Y","LOSS2",0.07056,8.9E-4,0.07028,0.06965,18.043,0.225,0.061,0.043,-0.282,0.537,18.203,0.089,0,0,0,1,2,0,1,"SN 2008Y",169.87743,54.46284
700,"2008Y","CfA4p1",0.07056,8.9E-4,0.07028,0.06965,18.025,0.211,0.061,0.038,-0.608,0.26,18.241,0.057,0,0,0,1,2,0,1,"SN 2008Y",169.87743,54.46284
676,"2001ah","CfA3S",0.05886,8.8E-4,0.05837,0.05776,17.727,0.214,-0.055,0.03,1.326,0.561,17.393,0.059,0,0,0,0,2,0,1,"SN 2001ah",167.62431,55.16084
677,"2001ah","LOSS1",0.05886,8.8E-4,0.05837,0.05776,17.893,0.251,-0.116,0.057,1.745,0.407,17.362,0.046,0,0,0,0,2,0,1,"SN 2001ah",167.62431,55.16084
1344,"160126","PS1MD",0.36034,0.00151,0.36023,0.3595,21.826,0.229,-0.001,0.048,-0.615,0.77,21.869,0.053,0,0,0,3,0,0,1,"[JSR2018] psc160126",163.28354,57.20126
393,"2002bf","CfA3S",0.02525,8.5E-4,0.02494,0.02438,15.691,0.239,-0.103,0.092,-2.272,0.305,15.798,0.153,1,0,0,0,2,0,1,"SN 2002bf",153.92631,55.66871
394,"2002bf","LOWZ",0.02525,8.5E-4,0.02494,0.02438,15.653,0.268,0.137,0.032,-0.318,0.131,16.06,0.049,1,0,0,0,2,0,1,"SN 2002bf",153.92631,55.66871
1215,"150457","PS1MD",0.30352,0.00148,0.30339,0.3027,21.667,0.14,-0.092,0.029,0.542,0.287,21.358,0.038,0,0,0,3,0,0,1,"[JSR2018] psc150457",161.35325,57.21789
1069,"174","PS1MD",0.24511,0.00144,0.24497,0.2443,21.081,0.208,0.087,0.031,-0.732,0.216,21.415,0.036,0,0,0,3,0,0,0,"[JSR2018] psc000174",162.02942,56.85015
1380,"40150","PS1MD",0.38185,0.00153,0.38174,0.381,22.309,0.197,-0.047,0.043,-0.25,0.528,22.201,0.055,0,0,0,3,0,0,0,"[JSR2018] psc040150",162.0978,57.14821
972,"140152","PS1MD",0.20879,0.00142,0.20864,0.208,20.627,0.157,-0.098,0.026,1.424,0.165,20.207,0.032,0,0,0,3,0,0,1,"[JSR2018] psc140152",162.39268,57.61573
1226,"340334","PS1MD",0.30681,0.00148,0.30668,0.306,21.907,0.238,-0.106,0.046,-0.293,0.535,21.7,0.058,0,0,0,3,0,0,1,"[JSR2018] psc340334",163.26306,57.80637
1224,"350027","PS1MD",0.30581,0.00148,0.30568,0.305,21.692,0.163,0.034,0.04,-0.431,0.307,21.814,0.057,0,0,0,3,0,0,1,"[JSR2018] psc350027",163.11925,57.8072
1038,"350047","PS1MD",0.23378,0.00143,0.23364,0.233,21.162,0.195,-0.135,0.056,-2.416,0.416,21.203,0.073,0,0,0,3,0,0,1,"[JSR2018] psc350047",163.26197,58.13634
764,"137","PS1MD",0.11901,0.00137,0.11878,0.1182,19.31,0.211,0.082,0.031,-0.71,0.176,19.628,0.037,0,0,0,3,0,0,0,"[JSR2018] psc000137",161.15927,57.81112
1399,"350050","PS1MD",0.40483,0.00154,0.40472,0.404,22.084,0.2,-0.011,0.037,-0.3,0.434,22.041,0.055,0,0,0,3,0,0,1,"[JSR2018] psc350050",161.07967,58.07619
1020,"20096","PS1MD",0.22578,0.00143,0.22563,0.225,20.734,0.174,-0.076,0.033,-0.693,0.216,20.665,0.039,0,0,0,3,0,0,0,"[JSR2018] psc020096",161.31412,58.19271
1440,"142","PS1MD",0.43683,0.00156,0.43673,0.436,22.752,0.18,-0.03,0.039,-0.77,0.426,22.728,0.036,0,0,0,3,0,0,0,"[JSR2018] psc000142",162.30925,58.46723
708,"370566","PS1MD",0.07167,0.00134,0.07134,0.0708,18.163,0.207,-0.013,0.034,-0.202,0.102,18.215,0.036,0,0,0,3,0,0,1,"[JSR2018] psc370566",159.98509,58.41491
509,"10026","PS1MD",0.03236,8.6E-4,0.03174,0.03123,16.422,0.2,-0.032,0.033,-0.409,0.082,16.452,0.038,0,0,0,3,0,0,0,"[JSR2018] psc010026",160.67453,58.84382
1495,"30006","PS1MD",0.50285,0.0016,0.50276,0.502,22.817,0.312,-0.091,0.071,0.472,0.997,22.529,0.122,0,0,0,3,0,0,0,"[JSR2018] psc030006",162.5245,58.77742
1222,"350630","PS1MD",0.30538,0.00148,0.30525,0.3046,21.652,0.131,-0.03,0.029,0.712,0.234,21.464,0.038,0,0,0,3,0,0,1,"[JSR2018] psc350630",162.4043,58.95334
719,"370333","PS1MD",0.07588,0.00134,0.07557,0.075,18.381,0.196,-0.022,0.038,0.92,0.164,18.239,0.045,0,0,0,3,0,0,1,"[JSR2018] psc370333",164.38013,57.29775
534,"2003cq","CfA3S",0.03378,8.6E-4,0.03323,0.03275,16.575,0.258,0.097,0.051,-0.736,0.158,16.927,0.061,0,0,0,0,0,0,1,"SN 2003cq",179.05904,60.52197
868,"120143","PS1MD",0.17378,0.0014,0.1736,0.173,20.096,0.149,-0.073,0.027,-0.26,0.148,19.975,0.032,0,0,0,3,0,0,1,"[JSR2018] psc120143",163.68243,58.62656
943,"360145","PS1MD",0.19877,0.00141,0.1986,0.198,20.635,0.21,0.008,0.027,0.35,0.183,20.679,0.033,0,0,0,3,0,0,1,"[JSR2018] psc360145",163.66863,59.01899
335,"2004at","LOSS1",0.02321,8.5E-4,0.02287,0.02237,15.664,0.176,-0.113,0.023,-0.046,0.053,15.431,0.026,0,0,0,0,0,0,1,"SN 2004at",164.68825,59.48667
88,"PSNJ0717457","FOUND",0.00861,8.4E-4,0.00812,0.00759,13.469,0.382,0.029,0.035,-0.211,0.2,13.694,0.054,0,0,0,0,0,0,1,"PSN J07174570+2320406",109.44042,23.34461
320,"2000fa","LOSS1",0.0224,8.5E-4,0.02181,0.02128,15.506,0.287,0.041,0.042,0.508,0.068,15.633,0.05,0,0,0,0,0,0,1,"SN 2000fa",108.8745,23.42844
321,"2000fa","CfA2",0.0224,8.5E-4,0.02181,0.02128,15.547,0.254,0.033,0.029,0.486,0.084,15.651,0.049,0,0,0,0,0,0,1,"SN 2000fa",108.8745,23.42844
609,"SN2016ayg","FOUND",0.04349,8.8E-4,0.04328,0.04269,17.164,0.164,-0.129,0.035,-0.263,0.166,16.924,0.047,0,0,0,0,0,0,1,"SN2016ayg",112.5725,25.03222
445,"SN2017ckx","FOUND",0.02858,8.6E-4,0.02779,0.02716,16.407,0.25,-0.032,0.039,1.972,0.551,16.037,0.05,0,0,0,0,0,1,1,"SN2017ckx",117.04587,28.23029
259,"ASASSN-16cs","FOUND",0.01905,8.5E-4,0.01839,0.01802,15.176,0.28,0.034,0.038,0.29,0.119,15.338,0.083,0,0,0,0,0,0,1,"ASASSN-16cs",102.65304,31.11238
865,"100090","PS1MD",0.17297,0.0014,0.17282,0.1721,20.473,0.251,0.038,0.032,-1.025,0.333,20.818,0.04,0,0,0,3,0,0,1,"[JSR2018] psc100090",131.82797,43.40811
951,"370308","PS1MD",0.20087,0.01005,0.20074,0.2,20.514,0.315,-0.138,0.031,0.725,0.931,20.077,0.038,0,0,0,3,0,0,1,"[JSR2018] psc370308",131.3169,43.38566
727,"350316","PS1MD",0.07991,0.00135,0.07966,0.079,18.347,0.155,-0.072,0.028,-0.428,0.086,18.26,0.038,0,0,0,3,0,0,1,"[JSR2018] psc350316",131.46903,43.81884
1436,"100101","PS1MD",0.42976,0.00156,0.42967,0.4288,22.669,0.196,-0.071,0.042,-0.773,0.481,22.562,0.049,0,0,0,3,0,0,1,"[JSR2018] psc100101",132.14097,43.98525
933,"236","PS1MD",0.19616,0.00141,0.19602,0.1953,20.476,0.122,-0.084,0.026,-0.201,0.142,20.298,0.033,0,0,0,3,0,0,0,"[JSR2018] psc000236",131.58017,44.07305
1377,"110425","PS1MD",0.38092,0.00153,0.38083,0.38,22.198,0.2,0.008,0.036,-0.198,0.421,22.225,0.047,0,0,0,3,0,0,1,"[JSR2018] psc110425",132.01147,44.44929
738,"370066","PS1MD",0.09089,0.00135,0.09066,0.09,18.774,0.165,-0.102,0.033,-0.081,0.47,18.56,0.039,0,0,0,3,0,0,1,"[JSR2018] psc370066",130.34859,43.05444
1013,"330083","PS1MD",0.22385,0.00143,0.22373,0.223,20.763,0.171,-0.087,0.029,0.002,0.342,20.572,0.035,0,0,0,3,0,0,1,"[JSR2018] psc330083",129.4956,43.29768
1287,"480184","PS1MD",0.33089,0.00149,0.3308,0.33,21.906,0.238,0.078,0.045,-2.188,0.548,22.358,0.054,0,0,0,2,0,0,1,"[JSR2018] psc480184",129.73546,43.31393
1519,"330106","PS1MD",0.53099,0.00162,0.53091,0.53,22.627,0.233,-0.015,0.073,-0.052,1.075,22.485,0.057,0,0,0,2,0,0,1,"PS1-11bai",130.00896,43.74186
1432,"110719","PS1MD",0.42793,0.00155,0.42784,0.427,23.023,0.237,-0.045,0.051,0.541,0.618,22.807,0.057,0,0,0,3,0,0,1,"[JSR2018] psc110719",129.92307,43.96442
1250,"110716","PS1MD",0.31588,0.00148,0.31577,0.315,21.95,0.232,0.001,0.048,-1.491,0.439,22.135,0.056,0,0,0,3,0,0,1,"[JSR2018] psc110716",128.9858,43.49451
828,"460003","PS1MD",0.15084,0.00139,0.15067,0.15,19.916,0.131,-0.073,0.028,-0.825,0.115,19.854,0.036,0,0,0,3,0,0,1,"[JSR2018] psc460003",128.8355,43.85546
976,"460105","PS1MD",0.21084,0.01005,0.21071,0.21,20.71,0.221,-0.099,0.036,-1.689,0.191,20.721,0.045,0,0,0,3,0,0,1,"[JSR2018] psc460105",129.3699,44.04527
1063,"480064","PS1MD",0.24284,0.00144,0.24271,0.242,21.32,0.258,0.074,0.029,0.484,0.246,21.567,0.041,0,0,0,3,0,0,1,"[JSR2018] psc480064",128.79655,44.4482
1504,"110484","PS1MD",0.51095,0.00161,0.51087,0.51,22.805,0.238,0.062,0.063,-0.358,0.566,22.804,0.066,0,0,0,3,0,0,1,"[JSR2018] psc110484",129.18597,44.55474
704,"470043","PS1MD",0.0709,0.01004,0.07061,0.07,18.476,0.501,0.0,0.034,0.456,0.126,18.478,0.04,0,0,0,3,0,0,1,"[JSR2018] psc470043",128.9944,44.76753
893,"360112","PS1MD",0.18086,0.01005,0.18071,0.18,20.362,0.245,-0.065,0.029,1.188,0.157,20.053,0.035,0,0,0,3,0,0,1,"[JSR2018] psc360112",130.67252,43.59663
1210,"350078","PS1MD",0.30089,0.00148,0.30078,0.3,21.92,0.293,0.119,0.079,0.305,0.494,22.264,0.136,0,0,0,3,0,0,1,"[JSR2018] psc350078",130.66264,43.78415
1345,"470244","PS1MD",0.36091,0.01006,0.36081,0.36,22.18,0.196,-0.129,0.039,-0.223,0.343,21.9,0.047,0,0,0,3,0,0,1,"[JSR2018] psc470244",130.40777,43.7715
1170,"350080","PS1MD",0.28588,0.00147,0.28577,0.285,21.418,0.171,-0.086,0.033,-0.339,0.425,21.256,0.038,0,0,0,3,0,0,1,"[JSR2018] psc350080",130.63503,43.99901
1557,"110721","PS1MD",0.57831,0.00165,0.57823,0.5773,23.198,0.24,-0.023,0.076,0.483,0.693,22.97,0.069,0,0,0,3,0,0,1,"[JSR2018] psc110721",130.2162,44.1143
1353,"350083","PS1MD",0.3679,0.00152,0.3678,0.367,22.01,0.163,-0.051,0.032,0.827,0.37,21.781,0.04,0,0,0,3,0,0,1,"[JSR2018] psc350083",130.13801,44.37387
737,"590194","PS1MD",0.09039,9.1E-4,0.09015,0.08951,18.667,0.215,0.019,0.031,0.27,0.205,18.752,0.041,0,0,0,3,0,0,1,"[JSR2018] psc590194",130.23694,44.52432
1198,"580270","PS1MD",0.29587,0.00147,0.29576,0.295,21.746,0.164,-0.071,0.036,-0.007,0.304,21.589,0.054,0,0,0,3,0,0,1,"[JSR2018] psc580270",130.20007,44.59063
1057,"580300","PS1MD",0.24085,0.00144,0.24072,0.24,21.149,0.165,-0.067,0.04,-0.589,0.316,21.087,0.058,0,0,0,3,0,0,1,"[JSR2018] psc580300",130.33366,44.7877
1493,"350374","PS1MD",0.50098,0.0016,0.5009,0.5,22.864,0.282,-0.053,0.063,-0.79,0.783,22.746,0.06,0,0,0,3,0,0,1,"[JSR2018] psc350374",131.33636,44.23905
767,"490008","PS1MD",0.12086,0.01004,0.12067,0.12,19.382,0.301,-0.1,0.026,0.353,0.105,19.104,0.035,0,0,0,3,0,0,1,"[JSR2018] psc490008",131.4486,44.42061
1293,"470041","PS1MD",0.33189,0.00149,0.33179,0.331,21.762,0.141,-0.07,0.032,0.938,0.297,21.453,0.041,0,0,0,3,0,0,1,"[JSR2018] psc470041",131.33752,44.75479
1395,"110734","PS1MD",0.40221,0.00154,0.40212,0.4013,22.227,0.198,-0.066,0.044,0.487,0.605,21.967,0.057,0,0,0,3,0,0,1,"[JSR2018] psc110734",131.06892,45.3442
1529,"110426","PS1MD",0.54097,0.00163,0.54089,0.54,23.026,0.232,0.094,0.066,0.555,0.727,22.99,0.071,0,0,0,2,0,0,1,"[JSR2018] psc110426",130.01312,44.89434
950,"470232","PS1MD",0.20083,0.01005,0.20068,0.2,20.731,0.252,-0.01,0.028,0.833,0.154,20.644,0.037,0,0,0,3,0,0,1,"[JSR2018] psc470232",129.54587,45.20227
892,"350548","PS1MD",0.18082,0.0014,0.18067,0.18,20.386,0.131,-0.032,0.028,0.888,0.176,20.169,0.039,0,0,0,3,0,0,1,"[JSR2018] psc350548",128.84777,44.91364
521,"2006te","CfA3K",0.0329,8.6E-4,0.03212,0.03155,16.472,0.151,-0.081,0.03,-0.091,0.099,16.294,0.045,0,0,0,0,2,0,1,"SN 2006te",122.92901,41.55467
266,"2002kf","CfA3S",0.02001,8.5E-4,0.01948,0.0193,15.432,0.202,-0.068,0.032,-0.989,0.076,15.452,0.073,1,0,0,1,2,0,1,"SN 2002kf",99.31368,49.85302
122,"1997do","CfA2",0.01073,8.4E-4,0.01048,0.01012,13.855,0.364,0.078,0.028,0.393,0.112,14.14,0.047,1,0,0,0,0,0,1,"SN 1997do",111.67708,47.09333
264,"2007au","LOSS1",0.01976,8.5E-4,0.01992,0.01964,15.434,0.405,0.148,0.033,-2.415,0.137,16.351,0.051,0,0,0,0,0,0,1,"SN 2007au",107.94212,49.85372
225,"1996bv","CfA1",0.01699,8.5E-4,0.01673,0.01667,14.823,0.297,0.147,0.032,0.703,0.205,15.112,0.07,1,0,0,0,0,0,1,"SN 1996bv",94.05417,57.05278
168,"2006N","CfA3K",0.01446,8.5E-4,0.01416,0.01416,14.655,0.239,-0.059,0.03,-2.012,0.065,14.855,0.062,1,0,0,1,2,0,1,"SN 2006N",92.13017,64.72364
1420,"110430","PS1MD",0.42094,0.00155,0.42085,0.42,22.475,0.249,0.011,0.045,-0.896,0.572,22.529,0.053,0,0,0,3,0,0,1,"[JSR2018] psc110430",132.24956,44.86568
1288,"370394","PS1MD",0.3309,0.01006,0.3308,0.33,21.743,0.21,-0.095,0.035,-0.444,0.53,21.567,0.039,0,0,0,3,0,0,1,"[JSR2018] psc370394",132.37933,45.00217
457,"PSNJ0859349","FOUND",0.02938,8.6E-4,0.02874,0.02812,16.219,0.224,0.064,0.033,-0.887,0.137,16.537,0.04,0,0,0,0,0,1,1,"PSN J08593491+4555343",134.89546,45.92619
1431,"110542","PS1MD",0.42703,0.00155,0.42694,0.4261,22.582,0.196,-0.041,0.038,0.561,0.502,22.374,0.044,0,0,0,3,0,0,1,"[JSR2018] psc110542",131.82026,45.29762
1237,"500100","PS1MD",0.31088,0.01006,0.31077,0.31,21.793,0.181,-0.106,0.03,-0.712,0.412,21.635,0.036,0,0,0,3,0,0,1,"[JSR2018] psc500100",131.63852,45.35615
597,"SN2017coa","FOUND",0.04095,0.00312,0.04045,0.04,17.157,0.306,-0.047,0.039,0.712,0.317,16.972,0.055,0,0,0,0,0,1,1,"SN2017coa",132.48121,56.09917
135,"2010Y","CfA4p2",0.01233,8.4E-4,0.01142,0.01105,14.487,0.253,-0.069,0.032,-2.588,0.088,14.717,0.037,0,0,0,1,2,0,1,"SN 2010Y",162.76625,65.77972
490,"AT2017wb","FOUND",0.03117,8.6E-4,0.03093,0.03065,16.277,0.282,0.066,0.033,1.362,0.161,16.375,0.04,0,0,0,0,0,1,1,"AT2017wb",165.33137,70.66521
549,"2008at","CfA4p1",0.03522,8.8E-4,0.03497,0.03472,16.582,0.333,0.214,0.052,-1.532,0.191,17.339,0.096,0,0,0,1,2,0,1,"SN 2008at",156.80196,71.41543
123,"1997bq","CfA2",0.01079,8.4E-4,0.00993,0.00973,13.815,0.323,0.086,0.028,-0.609,0.086,14.147,0.037,0,0,0,0,0,0,1,"SN 1997bq",154.27221,73.38392
124,"2008fv\_comb","LOWZ",0.01079,8.4E-4,0.00993,0.00973,13.928,0.377,0.112,0.026,0.739,0.057,14.273,0.033,0,0,0,0,0,0,0,"SN 2008fv",154.23867,73.41011
119,"2021hpr","LOSS1",0.01044,8.4E-4,0.00958,0.00938,13.834,0.343,0.046,0.027,0.246,0.072,14.029,0.034,0,0,0,0,0,0,1,"SN 2021hpr",154.16092,73.4005
450,"2006qo","CfA3K",0.02898,8.6E-4,0.02871,0.02837,16.225,0.274,0.163,0.028,0.384,0.06,16.582,0.037,1,0,0,1,2,0,1,"SN 2006qo",120.03509,56.36868
390,"2002he","LOSS1",0.02519,8.6E-4,0.02469,0.02441,15.861,0.153,-0.061,0.021,-1.656,0.059,15.966,0.031,1,0,0,1,2,0,1,"SN 2002he",124.99502,62.82048
391,"2002he","CfA3S",0.02519,8.6E-4,0.02469,0.02441,15.862,0.173,-0.038,0.033,-1.667,0.179,16.023,0.049,1,0,0,1,2,0,1,"SN 2002he",124.99502,62.82048
156,"1997E","CfA2",0.01376,8.5E-4,0.01314,0.01315,14.512,0.288,0.016,0.033,-1.752,0.091,14.902,0.078,1,0,0,0,0,0,1,"SN 1997E",101.90875,74.4975
146,"AT2017cfd","FOUND",0.01304,8.6E-4,0.01222,0.01208,14.322,0.291,0.051,0.034,-0.529,0.094,14.57,0.041,0,0,0,0,0,1,1,"AT2017cfd",130.205,73.4875
147,"2017cfd","LOSS2",0.01304,8.6E-4,0.01222,0.01208,14.314,0.284,0.058,0.027,-0.794,0.104,14.599,0.032,0,0,0,0,0,1,0,"SN 2017cfd",130.205,73.4875
30,"2011B","SOUSA",0.00538,8.4E-4,0.00458,0.00452,12.398,0.514,-0.027,0.041,-1.022,0.098,12.493,0.039,0,0,0,0,0,0,1,"SN 2011B",133.95042,78.21711
38,"2015bp","SOUSA",0.00592,8.4E-4,0.00603,0.00539,13.216,0.486,-0.05,0.045,-2.134,0.114,13.463,0.047,0,0,0,0,0,0,1,"SN 2015bp",226.367,1.635
586,"2008051","CfA4p1",0.03873,8.7E-4,0.03835,0.03777,16.76,0.168,-0.132,0.03,0.719,0.135,16.37,0.042,0,0,0,1,2,0,1,"SNF 20080522-011",229.99558,4.90458
608,"ASASSN-16ct","FOUND",0.04306,8.7E-4,0.04252,0.04191,16.993,0.205,-0.002,0.034,1.47,0.196,16.832,0.048,0,0,0,0,0,0,1,"ASASSN-16ct",228.47636,4.75719
587,"ASASSN-15np","FOUND",0.03884,8.7E-4,0.03832,0.03768,16.773,0.218,0.053,0.037,-1.064,0.236,17.075,0.047,0,0,0,0,0,1,1,"ASASSN-15np",226.51104,7.56154
540,"2007ba","CSP",0.03441,8.6E-4,0.03533,0.03474,16.572,0.34,0.249,0.025,-2.293,0.064,17.506,0.031,0,0,0,0,0,0,1,"SN 2007ba",229.17417,7.39667
619,"PS16cqa","FOUND",0.04521,8.7E-4,0.04433,0.04385,17.434,0.304,0.173,0.059,-2.742,0.345,18.251,0.078,0,0,0,0,0,1,1,"PS16cqa",234.77917,9.29458
728,"2005ag","CSP",0.08009,9.0E-4,0.08024,0.07954,18.414,0.116,-0.074,0.024,0.282,0.05,18.187,0.029,0,0,0,0,0,0,1,"SN 2005ag",224.18,9.32667
458,"ASASSN-16fs","FOUND",0.02944,8.6E-4,0.0299,0.0292,16.023,0.179,-0.026,0.037,-1.34,0.135,16.168,0.048,0,0,0,0,0,0,1,"ASASSN-16fs",221.77658,11.59498
305,"1999dg","LOSS1",0.02197,8.6E-4,0.02263,0.02206,15.606,0.245,-0.101,0.046,-1.76,0.162,15.663,0.041,0,0,0,0,0,0,1,"SN 1999dg",227.86837,13.48492
712,"Gaia16aki","FOUND",0.07393,9.0E-4,0.07398,0.07363,18.301,0.174,-0.088,0.04,0.591,0.246,18.022,0.048,0,0,0,0,0,0,1,"Gaia16aki",239.79417,14.6415
649,"ASASSN-17eb","FOUND",0.05044,8.8E-4,0.0497,0.04924,17.209,0.2,0.045,0.04,-1.504,0.185,17.533,0.055,0,0,0,0,0,1,1,"ASASSN-17eb",234.64187,13.34766
652,"AT2016cor","FOUND",0.05066,8.8E-4,0.04995,0.04954,17.599,0.301,0.139,0.035,-0.547,0.289,18.122,0.043,0,0,0,0,0,0,1,"AT2016cor",236.13,16.30356
623,"SN2016esh","FOUND",0.04583,8.7E-4,0.04488,0.04457,16.905,0.181,-0.112,0.04,-1.222,0.27,16.848,0.049,0,0,0,0,0,0,1,"SN2016esh",241.05979,16.69002
82,"1991M","LOWZ",0.00821,8.4E-4,0.00758,0.00726,13.961,0.462,0.009,0.093,-1.097,0.269,14.223,0.119,0,0,0,0,0,0,1,"SN 1991M",239.64508,17.45797
536,"2011dl","LOSS2",0.03403,8.6E-4,0.03432,0.0341,16.506,0.312,0.128,0.03,0.597,0.191,16.896,0.054,0,0,0,0,0,0,1,"SN 2011dl",244.52071,21.55111
495,"2006bt","LOSS1",0.03121,8.6E-4,0.03241,0.03208,16.519,0.223,0.071,0.028,0.303,0.121,16.654,0.041,0,0,0,0,0,0,1,"SN 2006bt",239.14087,20.052
496,"2006bt","CSP",0.03121,8.6E-4,0.03241,0.03208,16.49,0.225,0.084,0.022,0.229,0.042,16.668,0.035,0,0,0,0,0,0,1,"SN 2006bt",239.14087,20.052
497,"2006bt","CfA3K",0.03121,8.6E-4,0.03241,0.03208,16.534,0.215,0.064,0.027,0.184,0.071,16.669,0.04,0,0,0,0,0,0,1,"SN 2006bt",239.14087,20.052
299,"2009dc","CSP",0.02137,8.5E-4,0.02179,0.02146,15.094,0.197,0.001,0.026,2.238,0.11,14.767,0.045,0,0,1,0,0,0,1,"SN 2009dc",237.8005,25.70778
252,"2009gf","CfA4p1",0.01855,8.5E-4,0.01925,0.01844,15.239,0.254,0.068,0.031,-2.721,0.175,15.831,0.034,0,0,0,0,0,0,1,"SN 2009gf",213.905,14.2802
253,"2009gf","SOUSA",0.01855,8.5E-4,0.01925,0.01844,15.323,0.295,0.037,0.054,-2.724,0.211,15.832,0.044,0,0,0,0,0,0,1,"SN 2009gf",213.905,14.2802
697,"PTSS17-niq","FOUND",0.06897,8.9E-4,0.0691,0.06828,18.029,0.172,-0.041,0.041,-0.598,0.329,18.014,0.049,0,0,0,0,0,1,1,"PTSS-17niq",215.06954,15.34155
626,"AT2016ews","FOUND",0.04631,8.7E-4,0.04612,0.04555,17.286,0.157,-0.159,0.037,1.045,0.221,16.773,0.048,0,0,0,0,0,0,1,"SN 2016ews",225.65229,23.35265
187,"iPTF16auf","FOUND",0.01543,8.5E-4,0.01566,0.01502,14.821,0.314,0.048,0.031,0.047,0.085,15.084,0.037,0,0,0,0,0,0,1,"iPTF16auf",217.78858,27.23606
558,"2001ck","LOSS1",0.03616,9.3E-4,0.03544,0.03483,16.606,0.222,-0.071,0.045,0.012,0.157,16.458,0.034,0,0,0,0,0,0,1,"SN 2001ck",219.45867,30.48394
1694,"SCP06K0","SNAP",1.41633,0.00208,1.41631,1.41499,25.205,0.735,0.116,0.098,0.564,1.391,25.484,0.143,0,0,0,0,0,0,1,"SCP06K0",219.53486,34.23836
1683,"SCP06H5","SNAP",1.23225,0.00193,1.23223,1.23099,25.068,0.61,-0.051,0.118,-1.634,1.457,25.167,0.135,0,0,0,0,0,0,1,"SCP06H5",218.62558,34.44925
520,"SN2017cii","FOUND",0.03289,8.6E-4,0.03337,0.03323,16.585,0.177,-0.115,0.037,0.335,0.153,16.288,0.06,0,0,0,0,0,1,1,"SN2017cii",248.3325,23.731
551,"2007hu","CfA4p1",0.03551,8.6E-4,0.03518,0.03518,16.738,0.374,0.205,0.07,-1.395,0.523,17.454,0.16,0,0,0,1,2,0,1,"SN 2007hu",254.12453,27.97771
528,"2010ag","CfA4p2",0.03335,8.6E-4,0.03336,0.0334,16.563,0.197,0.028,0.031,1.797,0.217,16.36,0.038,0,0,0,0,0,0,1,"SN 2010ag",255.97346,31.50172
662,"2010dt","CfA4p2",0.05316,8.8E-4,0.05291,0.05287,17.594,0.17,-0.106,0.042,-0.081,0.442,17.352,0.06,0,0,0,1,2,0,1,"SN 2010dt",250.81276,32.67432
461,"2002de","LOSS1",0.0295,8.6E-4,0.0305,0.03034,16.111,0.282,0.086,0.019,0.324,0.066,16.409,0.023,1,0,0,0,2,0,1,"SN 2002de",244.12639,35.70836
483,"2009eu","LOSS2",0.03108,0.00178,0.03072,0.03063,16.669,0.398,0.201,0.038,-1.995,0.21,17.464,0.045,0,0,0,0,0,0,1,"SN 2009eu",247.171,39.5535
484,"2009fv","LOSS2",0.03108,8.6E-4,0.03072,0.03065,16.153,0.331,0.162,0.023,-0.731,0.123,16.673,0.027,0,0,0,0,2,0,1,"SN 2009fv",247.43425,40.81161
485,"2009fv","CfA4p1",0.03108,8.6E-4,0.03072,0.03065,16.084,0.374,0.259,0.039,-0.462,0.116,16.794,0.083,0,0,0,0,2,0,1,"SN 2009fv",247.43425,40.81161
472,"ASASSN-15nq","FOUND",0.03023,8.6E-4,0.03025,0.03036,16.266,0.164,-0.09,0.034,-0.337,0.133,16.111,0.045,0,0,0,0,0,1,1,"ASASSN-15nq",259.33012,33.46202
501,"2010gn","SOUSA",0.03147,8.6E-4,0.03123,0.03136,16.659,0.273,-0.104,0.06,-0.778,0.336,16.555,0.045,0,0,0,0,0,0,1,"SN 2010gn",259.45879,40.88128
447,"2013bs","LOSS2",0.02866,8.7E-4,0.02859,0.02871,16.158,0.2,-0.014,0.03,-1.536,0.089,16.355,0.038,0,0,0,0,0,0,1,"SN 2013bs",259.34179,41.06672
593,"2003fa","LOSS1",0.04056,8.8E-4,0.04015,0.04039,16.764,0.141,-0.094,0.026,1.187,0.056,16.364,0.035,1,0,0,1,2,0,1,"SN 2003fa",266.03223,40.88086
594,"2003fa","CfA3S",0.04056,8.8E-4,0.04015,0.04039,16.829,0.142,-0.052,0.026,1.51,0.096,16.474,0.036,1,0,0,1,2,0,1,"SN 2003fa",266.03223,40.88086
396,"PS15ahs","FOUND",0.02534,8.6E-4,0.02522,0.02551,15.944,0.184,-0.091,0.032,0.173,0.097,15.734,0.041,0,0,0,0,0,1,1,"PS15ahs",269.87404,43.39006
706,"PS15bdr","FOUND",0.07116,8.9E-4,0.07094,0.07096,18.102,0.194,-0.008,0.045,-2.307,0.26,18.364,0.046,0,0,0,0,0,1,1,"PS15bdr",253.70592,36.72514
446,"2007is","CfA4p1",0.02866,8.6E-4,0.02953,0.02953,16.092,0.21,0.005,0.032,-0.441,0.184,16.169,0.04,0,0,0,1,2,0,1,"SN 2007is",251.81087,40.24344
309,"ASASSN-18iu","CNIa0.02",0.02207,8.6E-4,0.02202,0.0223,15.632,0.184,-0.115,0.024,0.561,0.074,15.306,0.036,0,0,0,0,0,0,1,"ASASSN-18iu",269.41747,50.03859
489,"1999cc","CfA2",0.03116,8.6E-4,0.03132,0.03111,16.335,0.167,-0.027,0.027,-1.607,0.075,16.511,0.031,1,0,0,0,0,0,1,"SN 1999cc",240.67512,37.35956
510,"AT2017po","FOUND",0.03255,8.6E-4,0.03201,0.03183,16.323,0.195,-0.075,0.037,0.215,0.245,16.145,0.046,0,0,0,0,0,1,1,"AT2017po",240.96542,39.99005
613,"ASASSN-15mg","FOUND",0.04408,8.7E-4,0.04307,0.04277,17.077,0.179,-0.045,0.037,-1.557,0.16,17.233,0.044,0,0,0,0,0,1,1,"ASASSN-15mg",233.095,41.8499
282,"PSNJ1602512","FOUND",0.02052,8.6E-4,0.02039,0.02025,15.303,0.333,0.097,0.032,0.348,0.104,15.692,0.038,0,0,0,0,0,1,1,"PSN J16025128+4713292",240.71283,47.225
637,"ATLAS16agv","FOUND",0.04819,8.9E-4,0.04777,0.04779,17.245,0.164,-0.094,0.034,1.322,0.206,16.853,0.04,0,0,0,0,0,0,1,"ATLAS16agv",250.29046,50.97247
1190,"390264","PS1MD",0.29221,0.00147,0.29208,0.292,21.17,0.291,0.222,0.033,0.156,0.315,21.805,0.052,0,0,0,3,0,0,1,"[JSR2018] psc390264",243.373,53.99092
1208,"170428","PS1MD",0.3002,0.00147,0.30007,0.3,21.731,0.196,-0.02,0.03,-0.986,0.23,21.819,0.043,0,0,0,3,0,0,1,"[JSR2018] psc170428",243.61847,54.00302
1228,"520062","PS1MD",0.30818,0.00148,0.30805,0.308,21.949,0.137,-0.051,0.034,0.315,0.283,21.762,0.046,0,0,0,3,0,0,1,"[JSR2018] psc520062",244.45137,54.63338
1138,"520023","PS1MD",0.26818,0.00146,0.26804,0.268,21.209,0.23,-0.04,0.062,-0.612,0.477,21.191,0.087,0,0,0,3,0,0,1,"[JSR2018] psc520023",245.23915,55.15483
1359,"510578","PS1MD",0.37023,0.01007,0.37012,0.37,22.126,0.187,-0.128,0.032,0.585,0.306,21.752,0.046,0,0,0,3,0,0,1,"[JSR2018] psc510578",241.23259,53.91212
1334,"160197","PS1MD",0.35372,0.00151,0.35361,0.3535,22.113,0.19,-0.027,0.039,-0.217,0.353,22.042,0.042,0,0,0,3,0,0,1,"[JSR2018] psc160197",241.61743,53.8718
1321,"160198","PS1MD",0.3491,0.00151,0.34899,0.3489,21.997,0.156,-0.095,0.033,0.217,0.298,21.741,0.045,0,0,0,3,0,0,1,"[JSR2018] psc160198",242.9048,53.97027
769,"390259","PS1MD",0.12231,0.00137,0.12208,0.122,19.359,0.23,0.029,0.03,-0.298,0.135,19.557,0.057,0,0,0,3,0,0,1,"[JSR2018] psc390259",242.39563,53.86722
1425,"160200","PS1MD",0.4236,0.00155,0.42349,0.4234,22.587,0.4,0.158,0.082,-0.195,0.917,22.871,0.076,0,0,0,3,0,0,1,"[JSR2018] psc160200",242.60756,54.14958
1089,"390449","PS1MD",0.25022,0.01005,0.25008,0.25,21.123,0.217,-0.028,0.026,-0.085,0.215,21.101,0.035,0,0,0,3,0,0,1,"[JSR2018] psc390449",242.95075,54.4558
1341,"160070","PS1MD",0.35909,0.00151,0.35897,0.3589,22.19,0.169,-0.067,0.032,1.124,0.354,21.87,0.035,0,0,0,3,0,0,1,"[JSR2018] psc160070",243.19241,54.87372
1193,"150509","PS1MD",0.29293,0.00147,0.2928,0.2927,21.493,0.172,-0.155,0.03,0.208,0.364,21.097,0.044,0,0,0,3,0,0,1,"[JSR2018] psc150509",241.23453,54.87814
1125,"520019","PS1MD",0.26323,0.00145,0.26309,0.263,21.386,0.168,-0.024,0.039,-0.492,0.275,21.386,0.054,0,0,0,3,0,0,1,"[JSR2018] psc520019",241.86119,54.45781
1303,"40782","PS1MD",0.33751,0.0015,0.33739,0.3373,21.757,0.236,0.153,0.042,-0.572,0.433,22.161,0.051,0,0,0,3,0,0,0,"[JSR2018] psc040782",242.0767,54.90815
1430,"50003","PS1MD",0.427,0.00155,0.42689,0.4268,22.56,0.228,-0.004,0.041,1.075,0.741,22.426,0.057,0,0,0,3,0,0,0,"[JSR2018] psc050003",242.21933,55.00481
821,"180166","PS1MD",0.14778,0.00138,0.14757,0.1475,19.908,0.168,0.035,0.026,0.601,0.11,19.903,0.031,0,0,0,3,0,0,1,"[JSR2018] psc180166",242.84265,55.0642
1553,"50203","PS1MD",0.57619,0.00165,0.57609,0.576,23.236,0.2,-0.118,0.057,1.018,0.737,22.856,0.068,0,0,0,3,0,0,0,"[JSR2018] psc50203",242.79296,55.12231
1534,"50201","PS1MD",0.55021,0.00163,0.55011,0.55,23.072,0.194,-0.072,0.046,0.306,0.655,22.799,0.055,0,0,0,3,0,0,0,"[JSR2018] psc050201",241.70335,54.98093
1323,"70955","PS1MD",0.34932,0.00151,0.3492,0.3491,21.888,0.156,-0.04,0.03,1.423,0.34,21.639,0.035,0,0,0,3,0,0,0,"[JSR2018] psc070955",241.47537,55.19786
1029,"40780","PS1MD",0.23082,0.00143,0.23066,0.2306,20.819,0.296,0.279,0.039,-0.911,0.472,21.667,0.045,0,0,0,3,0,0,0,"[JSR2018] psc040780",243.61947,54.72581
1343,"50293","PS1MD",0.36017,0.00151,0.36005,0.36,21.934,0.189,-0.023,0.033,0.431,0.409,21.819,0.036,0,0,0,3,0,0,0,"[JSR2018] psc050293",244.44877,55.30229
1503,"180313","PS1MD",0.51016,0.00161,0.51006,0.51,22.842,0.142,-0.05,0.036,0.41,0.41,22.621,0.036,0,0,0,3,0,0,1,"[JSR2018] psc180313",244.31883,55.37944
1267,"50291","PS1MD",0.32548,0.00149,0.32535,0.3253,21.974,0.191,0.007,0.04,0.336,0.388,21.918,0.047,0,0,0,3,0,0,0,"[JSR2018] psc050291",244.56613,55.38471
1088,"520077","PS1MD",0.25019,0.01005,0.25004,0.25,21.344,0.223,-0.119,0.04,-1.632,0.388,21.298,0.047,0,0,0,3,0,0,1,"[JSR2018] psc520077",244.66293,55.68421
1056,"510251","PS1MD",0.2402,0.01005,0.24004,0.24,21.132,0.263,0.085,0.031,0.029,0.305,21.352,0.037,0,0,0,3,0,0,1,"[JSR2018] psc510251",244.49368,55.74276
1319,"50301","PS1MD",0.34717,0.0015,0.34704,0.347,21.864,0.243,0.155,0.038,0.84,0.493,22.089,0.046,0,0,0,3,0,0,0,"[JSR2018] psc050301",244.7242,55.78291
1058,"510550","PS1MD",0.24122,0.00144,0.24106,0.241,21.076,0.128,-0.08,0.027,0.48,0.161,20.804,0.037,0,0,0,3,0,0,1,"[JSR2018] psc510550",243.27498,55.61166
1331,"50296","PS1MD",0.35099,0.00151,0.35087,0.3508,22.0,0.159,-0.054,0.037,0.817,0.481,21.741,0.047,0,0,0,3,0,0,0,"[JSR2018] psc050296",243.4509,55.60854
1142,"510638","PS1MD",0.2702,0.01006,0.27006,0.27,21.383,0.195,-0.089,0.028,0.217,0.144,21.156,0.039,0,0,0,3,0,0,1,"[JSR2018] psc510638",243.4694,56.08424
436,"2003U","CfA3S",0.02833,8.6E-4,0.02794,0.0281,16.014,0.175,-0.041,0.034,-2.124,0.322,16.234,0.041,1,0,0,0,2,0,1,"SN 2003U",260.69012,62.16407
668,"AT2017oz","FOUND",0.05614,8.8E-4,0.05641,0.05569,17.558,0.191,-0.022,0.037,-0.068,0.32,17.538,0.041,0,0,0,0,0,1,1,"AT2017oz",211.67325,30.31875
655,"ASASSN-16hc","FOUND",0.05151,8.8E-4,0.05165,0.05093,17.333,0.154,-0.079,0.034,1.219,0.277,16.963,0.038,0,0,0,0,0,0,1,"ASASSN-16hc",209.76857,33.13897
249,"2010ai","CfA4p2",0.01826,8.5E-4,0.01918,0.01826,15.726,0.217,-0.12,0.031,-1.649,0.091,15.728,0.036,0,0,0,0,0,0,1,"SN 2010ai",194.85,27.99653
353,"ASASSN-15jt","FOUND",0.0239,8.5E-4,0.02396,0.02306,15.636,0.403,0.211,0.039,-2.327,0.143,16.753,0.044,0,0,0,0,0,1,1,"ASASSN-15jt",197.03804,27.82636
643,"2006cq","CfA3K",0.04944,8.8E-4,0.04928,0.04844,17.33,0.166,-0.007,0.029,-0.167,0.508,17.324,0.032,0,0,0,0,2,0,1,"SN 2006cq",201.10432,30.9562
379,"2001cj","LOSS1",0.02494,8.5E-4,0.02491,0.02409,15.944,0.227,-0.128,0.041,0.715,0.109,15.568,0.032,0,0,0,0,0,0,1,"SN 2001cj",200.43687,31.24683
564,"2002G","LOSS1",0.03702,8.6E-4,0.03631,0.03548,16.553,0.307,0.242,0.03,-1.482,0.242,17.366,0.034,0,0,0,0,2,0,1,"SN 2002G",196.98035,34.0853
565,"2002G","CfA3S",0.03702,8.6E-4,0.03631,0.03548,16.676,0.317,0.197,0.04,-1.201,0.435,17.343,0.06,0,0,0,0,2,0,1,"SN 2002G",196.98035,34.0853
209,"iPTF14bdn","SOUSA",0.01603,8.5E-4,0.01636,0.01558,14.853,0.28,-0.066,0.045,1.269,0.18,14.535,0.036,0,0,0,0,0,0,1,"iPTF14bdn",202.687,32.76178
1691,"SCP06G4","SNAP",1.35136,0.00202,1.35134,1.34999,25.296,0.317,0.004,0.049,1.172,0.635,25.232,0.05,0,0,0,0,0,0,1,"SCP06G4",217.3281,34.64372
451,"ASASSN-15la","FOUND",0.02902,8.6E-4,0.02845,0.02782,15.803,0.217,0.053,0.034,-1.015,0.223,16.109,0.04,0,0,0,0,0,1,1,"ASASSN-15la",213.21342,35.71107
405,"SN2017mf","FOUND",0.02598,8.6E-4,0.02618,0.02561,16.058,0.177,-0.027,0.033,-0.158,0.144,16.026,0.038,0,0,0,0,0,1,1,"SN2017mf",214.12917,39.58667
93,"2019ein","LOWZ",0.00883,8.4E-4,0.00837,0.00775,13.609,0.326,-0.106,0.024,-1.589,0.04,13.629,0.028,0,0,0,0,0,0,1,"SN 2019ein",208.37137,40.27536
556,"ASASSN-15mi","FOUND",0.03585,8.6E-4,0.03501,0.03442,16.299,0.203,-0.008,0.032,0.495,0.145,16.265,0.038,0,0,0,0,0,1,1,"ASASSN-15mi",210.816,41.604
452,"1996C","CfA1",0.02913,8.6E-4,0.02875,0.02823,16.262,0.249,0.043,0.029,0.663,0.13,16.361,0.035,0,0,0,0,0,0,1,"SN 1996C",207.7025,49.31864
1092,"500004","PS1MD",0.25063,0.00144,0.25052,0.25,21.048,0.186,-0.104,0.042,0.607,0.359,20.725,0.067,0,0,0,3,0,0,1,"[JSR2018] psc500004",213.02332,51.67389
1456,"50580","PS1MD",0.45068,0.00157,0.4506,0.45,22.392,0.155,0.02,0.039,-0.41,0.469,22.401,0.043,0,0,0,3,0,0,0,"[JSR2018] psc050580",212.99071,52.07185
535,"2006S","CfA3K",0.03393,8.6E-4,0.0331,0.03224,16.656,0.175,0.023,0.026,0.886,0.067,16.579,0.03,1,0,0,0,0,0,1,"SN 2006S",191.41292,35.08678
364,"2006ac","LOSS1",0.02432,8.5E-4,0.02395,0.02309,15.734,0.182,-0.043,0.029,-0.783,0.122,15.75,0.039,1,0,0,0,2,0,1,"SN 2006ac",190.43708,35.06872
365,"2006ac","CfA3K",0.02432,8.5E-4,0.02395,0.02309,15.7,0.196,0.011,0.026,-0.998,0.066,15.883,0.031,1,0,0,0,2,0,1,"SN 2006ac",190.43708,35.06872
585,"2009bv","CfA4p1",0.03848,8.7E-4,0.03748,0.03667,17.003,0.148,-0.14,0.029,0.462,0.086,16.618,0.03,0,0,0,0,0,0,1,"SN 2009bv",196.83529,35.78439
560,"ASASSN-15lu","FOUND",0.03635,8.6E-4,0.03577,0.03505,16.751,0.183,-0.041,0.035,-0.59,0.234,16.775,0.041,0,0,0,0,0,1,1,"ASASSN-15lu",200.304,40.2658
448,"1998ab","CfA2",0.02873,8.6E-4,0.02806,0.02731,15.696,0.226,0.085,0.027,0.228,0.074,15.879,0.033,1,0,0,0,0,0,1,"SN 1998ab",192.19683,41.92453
1531,"520041","PS1MD",0.54545,0.00163,0.5454,0.5443,23.31,0.189,-0.178,0.057,-0.069,0.84,22.926,0.063,0,0,0,3,0,0,1,"[JSR2018] psc520041",184.13839,45.96204
756,"20027","PS1MD",0.11001,0.00136,0.10988,0.1091,19.317,0.178,0.036,0.029,0.297,0.151,19.362,0.034,0,0,0,3,0,0,0,"[JSR2018] psc020027",186.33615,46.01521
1520,"160066","PS1MD",0.53111,0.00162,0.53105,0.53,23.258,0.288,-0.057,0.057,2.341,1.417,22.984,0.067,0,0,0,2,0,0,1,"[JSR2018] psc160066",186.58815,46.59592
1116,"370498","PS1MD",0.26094,0.01006,0.26086,0.26,21.36,0.184,-0.07,0.025,0.774,0.203,21.069,0.032,0,0,0,3,0,0,1,"[JSR2018] psc370498",186.26632,46.80616
789,"151034","PS1MD",0.13281,0.00138,0.13269,0.1319,19.531,0.119,-0.148,0.026,0.316,0.098,19.128,0.033,0,0,0,3,0,0,1,"[JSR2018] psc151034",185.13754,46.66615
1457,"520016","PS1MD",0.45106,0.01007,0.451,0.45,22.675,0.212,-0.087,0.035,1.091,0.57,22.333,0.038,0,0,0,3,0,0,1,"[JSR2018] psc520016",185.33765,46.97084
667,"490007","PS1MD",0.05541,8.8E-4,0.05513,0.05439,17.615,0.192,-0.026,0.033,-0.206,0.087,17.625,0.039,0,0,0,3,0,0,1,"[JSR2018] psc490007",184.26782,46.62747
1194,"130755","PS1MD",0.29298,0.00147,0.29291,0.292,21.574,0.202,-0.103,0.036,-0.04,0.417,21.345,0.042,0,0,0,3,0,0,1,"[JSR2018] psc130755",183.7316,46.57591
388,"2012bh","LOSS2",0.02517,8.6E-4,0.025,0.02428,15.946,0.237,-0.033,0.045,-0.413,0.263,15.97,0.093,0,0,0,3,0,0,0,"SN 2012bh",183.40545,46.48347
389,"370356","PS1MD",0.02517,8.6E-4,0.025,0.02428,15.975,0.203,-0.077,0.035,-0.289,0.134,15.865,0.049,0,0,0,3,0,0,1,"[JSR2018] psc370356",183.40545,46.48347
387,"2007sw","CfA4p1",0.02517,8.6E-4,0.025,0.02428,15.659,0.305,0.096,0.031,0.075,0.131,16.033,0.039,0,0,0,0,2,0,1,"SN 2007sw",183.40388,46.49349
744,"140181","PS1MD",0.10246,9.2E-4,0.10231,0.10154,18.998,0.198,0.017,0.027,0.783,0.114,18.995,0.036,0,0,0,3,0,0,1,"[JSR2018] psc140181",183.73792,46.84504
1151,"150254","PS1MD",0.27516,0.00146,0.27508,0.2742,21.276,0.24,0.07,0.027,-0.049,0.171,21.548,0.035,0,0,0,3,0,0,1,"[JSR2018] psc150254",183.21106,47.14576
1159,"40201","PS1MD",0.27995,0.00146,0.27987,0.279,21.313,0.151,-0.087,0.028,0.395,0.212,21.066,0.039,0,0,0,3,0,0,0,"[JSR2018] psc040201",184.45958,47.44676
1384,"360139","PS1MD",0.386,0.00153,0.38594,0.385,22.269,0.15,-0.035,0.032,0.636,0.294,22.06,0.038,0,0,0,3,0,0,1,"[JSR2018] psc360139",185.73862,47.56751
1031,"360140","PS1MD",0.23092,0.01005,0.23083,0.23,21.043,0.225,-0.05,0.029,0.017,0.233,20.948,0.034,0,0,0,3,0,0,1,"[JSR2018] psc360140",185.61805,47.71617
1259,"170078","PS1MD",0.32096,0.00149,0.32089,0.32,21.979,0.206,-0.101,0.044,-1.108,0.544,21.886,0.054,0,0,0,3,0,0,1,"[JSR2018] psc170078",186.18317,47.66814
1468,"510597","PS1MD",0.46104,0.01007,0.46098,0.46,22.763,0.229,-0.096,0.042,1.615,0.561,22.394,0.053,0,0,0,3,0,0,1,"[JSR2018] psc510597",185.82105,47.82284
1496,"510457","PS1MD",0.50306,0.0016,0.503,0.502,22.895,0.31,0.087,0.075,0.784,0.908,22.924,0.084,0,0,0,3,0,0,1,"[JSR2018] psc510457",186.38882,48.13686
1145,"160039","PS1MD",0.27094,0.00146,0.27085,0.27,21.236,0.164,-0.075,0.029,-1.167,0.257,21.232,0.035,0,0,0,3,0,0,1,"[JSR2018] psc160039",184.97504,48.14028
880,"370428","PS1MD",0.17791,0.0014,0.1778,0.177,20.395,0.129,-0.104,0.027,0.618,0.152,20.046,0.034,0,0,0,3,0,0,1,"[JSR2018] psc370428",184.37483,47.54821
1299,"500511","PS1MD",0.33498,0.0015,0.3349,0.334,21.772,0.17,-0.006,0.029,0.912,0.193,21.662,0.037,0,0,0,3,0,0,1,"[JSR2018] psc500511",184.69568,47.64729
1295,"130862","PS1MD",0.33298,0.0015,0.3329,0.332,22.077,0.2,-0.092,0.033,0.67,0.382,21.775,0.047,0,0,0,3,0,0,1,"[JSR2018] psc130862",184.00174,47.92041
1127,"350235","PS1MD",0.26393,0.00145,0.26384,0.263,21.306,0.166,0.01,0.054,0.061,0.345,21.313,0.11,0,0,0,3,0,0,1,"[JSR2018] psc350235",184.3502,48.34624
360,"2007F","LOSS2",0.02417,8.5E-4,0.0242,0.02362,15.689,0.207,-0.012,0.026,0.406,0.109,15.656,0.031,1,0,0,0,2,0,1,"SN 2007F",195.81274,50.61876
361,"2007F","CfA3K",0.02417,8.5E-4,0.0242,0.02362,15.831,0.182,-0.068,0.026,0.531,0.041,15.617,0.03,1,0,0,0,2,0,1,"SN 2007F",195.81274,50.61876
502,"CSS160428","FOUND",0.03148,8.7E-4,0.03081,0.03029,16.449,0.162,-0.058,0.032,0.826,0.149,16.186,0.036,0,0,0,0,0,0,1,"CRTS CSS160428 J132307+523857",200.77917,52.64917
210,"2007ss","CfA4p1",0.01652,8.5E-4,0.01619,0.01557,15.161,0.345,0.248,0.032,-1.309,0.09,16.012,0.041,0,0,0,0,0,0,1,"SN 2007ss",190.27529,50.39131
598,"2009do","CfA4p1",0.04099,8.7E-4,0.04027,0.03964,16.787,0.145,-0.035,0.029,-1.161,0.064,16.877,0.033,0,0,0,0,0,0,1,"SN 2009do",188.74312,50.85122
226,"1997Y","CfA2",0.01705,8.5E-4,0.01661,0.01608,14.944,0.213,-0.014,0.028,-1.067,0.135,15.076,0.032,0,0,0,0,0,0,1,"SN 1997Y",191.38083,54.73806
508,"2006az","CfA3K",0.03201,8.6E-4,0.03158,0.03103,16.237,0.146,-0.106,0.027,-1.424,0.045,16.209,0.03,1,0,0,0,0,0,1,"SN 2006az",183.06117,56.17939
108,"PTF10icb","SOUSA",0.00993,8.4E-4,0.009,0.00856,14.222,0.372,0.013,0.047,0.644,0.398,14.243,0.039,0,0,0,0,0,0,1,"PTF10icb",193.70484,58.88198
36,"2007gi","LOWZ",0.00587,8.4E-4,0.00505,0.00462,12.487,0.491,0.022,0.027,-1.374,0.08,12.832,0.034,0,0,0,0,0,0,1,"SN 2007gi",180.34758,61.89272
1690,"Borg","HST",1.34101,0.00537,1.34093,1.34,25.501,0.305,0.035,0.041,0.885,0.782,25.546,0.05,0,0,0,1,0,0,1,"SN 2003dy",189.28829,62.19116
1680,"Strolger","HST",1.02789,0.00176,1.02781,1.027,25.283,0.352,-0.194,0.065,1.995,1.367,24.728,0.064,0,0,0,0,0,0,1,"[RSC2007] HST05Str",189.08596,62.18072
1693,"Sasquatch","HST",1.39103,0.00538,1.39096,1.39,25.541,0.373,0.116,0.041,0.838,1.223,25.732,0.144,0,0,0,1,0,0,1,"[RSC2007] HST04Sas",189.22552,62.1395
1684,"Lancaster","HST",1.23597,0.00193,1.23589,1.235,25.652,0.272,0.045,0.046,-0.136,0.663,25.774,0.042,1,0,0,1,0,0,1,"[RSC2007] HST05Lan",189.23633,62.21481
1674,"Manipogo","HST",0.85482,0.00163,0.85474,0.854,24.364,0.299,-0.086,0.079,-0.824,0.302,24.272,0.036,0,0,0,1,0,0,1,"[RSC2007] HST04Man",189.14522,62.26357
1682,"Gabi","HST",1.12092,0.0053,1.12085,1.12,25.188,0.222,-0.125,0.052,0.59,0.305,24.86,0.032,1,0,0,1,0,0,1,"[RSC2007] HST05Gab",189.05762,62.2021
1679,"Ferguson","HST",1.02088,0.00528,1.02081,1.02,24.718,0.475,-0.046,0.078,0.235,1.366,24.602,0.159,0,0,0,0,0,0,1,"[RSC2007] HST05Fer",189.10458,62.25662
1672,"Elvis","HST",0.83981,0.00523,0.83973,0.839,24.107,0.21,-0.043,0.038,-0.231,0.302,24.068,0.024,1,0,0,0,0,0,1,"SN 2003eq",189.45181,62.22635
1675,"Vilas","HST",0.93585,0.00525,0.93577,0.935,24.28,0.238,-0.042,0.057,-0.027,0.274,24.185,0.044,1,0,0,1,0,0,1,"SN 2003lv",189.3708,62.19093
1678,"Eagle","HST",1.01988,0.00176,1.0198,1.019,25.023,0.224,-0.157,0.058,0.173,0.284,24.661,0.031,1,0,0,0,0,0,1,"[RSC2007] HST04Eag",189.33646,62.22819
1699,"stone","CANDELS",1.80119,0.02014,1.80111,1.8,26.234,0.281,-0.024,0.086,-0.545,0.704,26.194,0.08,0,0,0,1,0,0,1,"[RRS2014] GND13Sto",189.31991,62.27817
1673,"Spock","HST",0.83981,0.00161,0.83973,0.839,23.948,0.389,-0.03,0.072,0.252,0.382,23.892,0.095,0,0,0,0,0,0,1,"[RSC2007] HST05Spo",189.27721,62.25325
1701,"colfax","CANDELS",2.26137,0.02018,2.2613,2.26,26.93,0.28,0.119,0.131,0.03,1.182,26.81,0.071,0,0,0,1,0,0,1,"[RRS2014] GND12Col",189.15654,62.30915
32,"2016coj","LOSS2",0.0057,8.4E-4,0.00489,0.00452,12.659,0.469,-0.053,0.02,-1.693,0.039,12.792,0.024,0,0,0,0,0,0,1,"SN 2016coj",182.028,65.1773
33,"SN2016coj","FOUND",0.0057,8.4E-4,0.00489,0.00452,12.646,0.483,-0.007,0.034,-1.477,0.085,12.872,0.039,0,0,0,0,0,0,0,"SN2016coj",182.028,65.1773
580,"2007O","LOSS1",0.03818,8.7E-4,0.03732,0.03694,16.641,0.149,-0.069,0.028,-0.124,0.201,16.488,0.033,0,0,0,0,2,0,1,"SN 2007O",224.0215,45.40483
581,"2007O","CfA3K",0.03818,8.7E-4,0.03732,0.03694,16.609,0.15,-0.06,0.029,-0.532,0.1,16.541,0.038,0,0,0,0,2,0,1,"SN 2007O",224.0215,45.40483
254,"2016ffh","LOSS2",0.01865,8.5E-4,0.01851,0.01819,15.364,0.237,0.051,0.029,-0.612,0.146,15.595,0.036,0,0,0,0,0,0,0,"SN 2016ffh",227.95617,46.25089
255,"ATLAS16cpu","FOUND",0.01865,8.5E-4,0.01851,0.01819,15.319,0.238,0.038,0.036,-0.958,0.161,15.587,0.043,0,0,0,0,0,0,1,"ATLAS16cpu",227.95617,46.25089
545,"ASASSN-15jl","FOUND",0.03512,8.6E-4,0.03492,0.03468,16.629,0.167,-0.086,0.032,0.229,0.153,16.419,0.036,0,0,0,0,0,1,1,"ASASSN-15jl",230.67133,50.97651
1654,"04D3ks","SNLS",0.75074,0.01011,0.75068,0.75,23.648,0.318,-0.035,0.063,0.543,0.312,23.521,0.042,1,0,0,1,0,0,1,"SNLS 04D3ks",215.63978,52.18518
1475,"05D3mx","SNLS",0.47065,0.01007,0.47057,0.47,22.761,0.179,-0.087,0.031,-1.388,0.106,22.767,0.027,1,0,0,1,0,0,1,"SNLS 05D3mx",215.53792,52.21918
1537,"04D3hn","SNLS",0.55267,0.00164,0.5526,0.552,22.941,0.243,0.075,0.036,-0.568,0.121,23.216,0.027,1,0,0,1,0,0,1,"SNLS 04D3hn",215.52873,52.22859
1309,"04D3nh","SNLS",0.34061,0.0015,0.34051,0.34,21.921,0.191,-0.013,0.021,0.604,0.087,21.865,0.025,1,0,0,1,0,0,1,"SNLS 04D3nh",215.61128,52.33345
1656,"05D3mn","SNLS",0.76076,0.00178,0.76069,0.76,23.814,0.199,-0.041,0.051,-0.223,0.291,23.741,0.028,1,0,0,1,0,0,1,"SNLS 05D3mn",214.68851,52.32314
1076,"05D3mq","SNLS",0.2466,0.00144,0.24649,0.246,21.138,0.153,-0.01,0.026,-0.703,0.165,21.233,0.029,1,0,0,1,0,0,1,"SNLS 05D3mq",214.75178,52.38512
1447,"510266","PS1MD",0.44067,0.01007,0.44059,0.44,22.383,0.158,-0.17,0.034,-0.476,0.318,22.045,0.039,0,0,0,3,0,0,1,"[JSR2018] psc510266",214.03316,51.73212
1581,"04D3do","SNLS",0.61071,0.01009,0.61064,0.61,23.416,0.182,-0.114,0.031,-0.816,0.145,23.286,0.026,1,0,0,1,0,0,1,"SNLS 04D3do",214.44201,52.26755
1513,"06D3el","SNLS",0.51968,0.00161,0.5196,0.519,23.038,0.195,-0.149,0.027,0.822,0.115,22.608,0.025,1,0,0,1,0,0,1,"SNLS 06D3el",214.25453,52.2324
1636,"06D3gh","SNLS",0.72074,0.00175,0.72067,0.72,23.793,0.304,-0.075,0.066,0.243,0.341,23.629,0.042,1,0,0,1,0,0,1,"SNLS 06D3gh",214.63091,52.44291
1163,"06D3dt","SNLS",0.28266,0.00107,0.28256,0.28205,21.491,0.296,0.084,0.022,0.07,0.093,21.882,0.027,1,0,0,1,0,0,1,"SNLS 06D3dt",214.34027,52.45282
1416,"05D3cf","SNLS",0.41965,0.00155,0.41956,0.419,22.545,0.234,0.001,0.027,-0.263,0.174,22.668,0.027,1,0,0,1,0,0,1,"SNLS 05D3cf",214.22246,52.34505
1649,"04D3fq","SNLS",0.74276,0.00176,0.74269,0.742,23.83,0.326,-0.039,0.068,-0.409,0.355,23.808,0.036,1,0,0,1,0,0,1,"SNLS 04D3fq",214.24119,52.37947
1304,"04D3kr","SNLS",0.33762,0.0015,0.33753,0.337,21.895,0.174,-0.029,0.022,1.226,0.082,21.692,0.025,1,0,0,1,0,0,1,"SNLS 04D3kr",214.14972,52.47887
1632,"05D3jh","SNLS",0.71874,0.00175,0.71867,0.718,23.621,0.186,-0.145,0.049,-0.634,0.181,23.442,0.032,1,0,0,1,0,0,1,"SNLS 05D3jh",214.35577,52.61876
1647,"05D3jk","SNLS",0.73675,0.00176,0.73668,0.736,23.739,0.213,-0.136,0.046,0.784,0.18,23.405,0.027,1,0,0,1,0,0,1,"SNLS 05D3jk",214.19773,52.59249
1554,"06D3et","SNLS",0.57668,0.00165,0.57661,0.576,23.173,0.165,-0.088,0.033,-1.348,0.146,23.182,0.026,1,0,0,1,0,0,1,"SNLS 06D3et",215.51987,52.33837
1469,"05D3lc","SNLS",0.46164,0.00158,0.46156,0.461,22.731,0.136,-0.056,0.024,-0.745,0.107,22.703,0.024,1,0,0,1,0,0,1,"SNLS 05D3lc",215.5955,52.47887
1483,"05D3dd","SNLS",0.48064,0.01008,0.48056,0.48,22.751,0.158,-0.043,0.024,-0.215,0.125,22.676,0.026,1,0,0,1,0,0,1,"SNLS 05D3dd",215.62687,52.60679
1460,"04D3gt","SNLS",0.45163,0.00157,0.45155,0.451,22.463,0.304,0.184,0.028,-0.239,0.112,22.976,0.027,1,0,0,1,0,0,1,"SNLS 04D3gt",215.6358,52.64692
1160,"520188","PS1MD",0.2806,0.00146,0.28049,0.28,21.413,0.151,-0.08,0.026,1.402,0.27,21.055,0.033,0,0,0,3,0,0,1,"[JSR2018] psc520188",215.52403,52.54464
1268,"500301","PS1MD",0.3256,0.00149,0.3255,0.325,22.01,0.254,0.184,0.047,0.722,0.376,22.325,0.064,0,0,0,3,0,0,1,"[JSR2018] psc500301",215.54771,52.63184
1561,"05D3gp","SNLS",0.58067,0.01009,0.5806,0.58,23.32,0.261,-0.082,0.044,-0.502,0.387,23.242,0.047,1,0,0,1,0,0,1,"SNLS 05D3gp",215.67632,52.72469
1610,"05D3hs","SNLS",0.6647,0.00171,0.66463,0.664,23.617,0.232,-0.175,0.048,0.58,0.206,23.231,0.034,1,0,0,1,0,0,1,"SNLS 05D3hs",215.3065,52.90381
1650,"05D3jb","SNLS",0.74573,0.00177,0.74566,0.745,23.915,0.193,-0.073,0.05,0.938,0.233,23.636,0.03,1,0,0,1,0,0,1,"SNLS 05D3jb",215.54165,52.87813
1450,"06D3df","SNLS",0.44263,0.00156,0.44254,0.442,22.651,0.137,-0.037,0.023,1.151,0.164,22.391,0.024,1,0,0,1,0,0,1,"SNLS 06D3df",215.5717,52.95768
1560,"05D3jq","SNLS",0.57967,0.00165,0.57959,0.579,23.139,0.23,-0.004,0.027,1.504,0.2,23.02,0.024,1,0,0,1,0,0,1,"SNLS 05D3jq",215.43934,53.02992
1338,"04D3fk","SNLS",0.35842,0.00133,0.35833,0.3578,21.989,0.214,0.071,0.023,-0.394,0.081,22.245,0.026,1,0,0,1,0,0,1,"SNLS 04D3fk",214.6091,52.52847
1603,"04D3cy","SNLS",0.64371,0.0017,0.64364,0.643,23.546,0.309,-0.04,0.064,-0.189,0.204,23.51,0.035,1,0,0,1,0,0,1,"SNLS 04D3cy",214.55181,52.65833
1611,"05D3mh","SNLS",0.67072,0.0101,0.67065,0.67,23.815,0.273,0.048,0.054,0.659,0.476,23.79,0.038,1,0,0,1,0,0,1,"SNLS 05D3mh",214.7493,52.66756
1398,"06D3ed","SNLS",0.40463,0.00154,0.40454,0.404,22.422,0.164,-0.076,0.022,-0.391,0.081,22.331,0.024,1,0,0,1,0,0,1,"SNLS 06D3ed",214.69917,52.75656
1604,"05D3ax","SNLS",0.64371,0.0017,0.64363,0.643,23.55,0.315,-0.071,0.064,0.603,0.42,23.335,0.046,1,0,0,1,0,0,1,"SNLS 05D3ax",214.82326,52.68752
1607,"05D3kt","SNLS",0.6487,0.0017,0.64863,0.648,23.481,0.31,0.052,0.048,-0.431,0.195,23.694,0.031,1,0,0,1,0,0,1,"SNLS 05D3kt",214.97383,52.74299
1363,"05D3jr","SNLS",0.37062,0.01007,0.37053,0.37,22.02,0.281,0.04,0.023,-0.897,0.122,22.358,0.026,1,0,0,1,0,0,1,"SNLS 05D3jr",214.86978,52.86485
1661,"05D3hh","SNLS",0.76674,0.00178,0.76668,0.766,24.109,0.269,-0.003,0.062,0.53,0.421,24.007,0.05,1,0,0,1,0,0,1,"SNLS 05D3hh",214.7923,52.95933
1453,"40137","PS1MD",0.44764,0.00157,0.44756,0.447,22.602,0.222,0.024,0.048,1.087,0.538,22.533,0.059,0,0,0,3,0,0,0,"[JSR2018] psc040137",214.46043,52.80105
1614,"06D3cc","SNLS",0.68372,0.00172,0.68365,0.683,23.919,0.407,-0.005,0.084,0.716,0.62,23.775,0.073,1,0,0,1,0,0,1,"SNLS 06D3cc",214.38167,52.91247
1588,"04D3co","SNLS",0.6207,0.01009,0.62063,0.62,23.446,0.267,-0.026,0.044,-0.663,0.195,23.512,0.033,1,0,0,1,0,0,1,"SNLS 04D3co",214.45825,52.96361
1364,"390471","PS1MD",0.37062,0.00152,0.37053,0.37,21.817,0.133,-0.161,0.028,0.924,0.305,21.323,0.034,0,0,0,3,0,0,1,"[JSR2018] psc390471",214.51983,53.01397
1140,"06D3fp","SNLS",0.2686,0.00146,0.26848,0.268,21.202,0.239,0.041,0.022,-0.071,0.053,21.441,0.027,1,0,0,1,0,0,1,"SNLS 06D3fp",215.07752,52.89716
1467,"380199","PS1MD",0.46064,0.01007,0.46055,0.46,22.749,0.189,-0.052,0.036,1.779,0.508,22.48,0.043,0,0,0,3,0,0,1,"[JSR2018] psc380199",215.23318,53.00888
1697,"rutledge","CANDELS",1.61505,0.00545,1.61499,1.61399,25.907,0.332,0.064,0.044,0.944,1.09,25.997,0.069,0,0,0,0,0,0,1,"[RRS2014] EGS13Rut",215.20044,53.07281
1631,"05D3gv","SNLS",0.71571,0.00175,0.71565,0.715,23.741,0.244,-0.065,0.062,-0.843,0.286,23.709,0.037,1,0,0,1,0,0,1,"SNLS 05D3gv",215.2469,53.17888
1619,"06D3em","SNLS",0.69072,0.0101,0.69065,0.69,23.661,0.425,0.171,0.06,-0.147,0.357,24.101,0.036,1,0,0,1,0,0,1,"SNLS 06D3em",214.84758,53.02301
1126,"04D3ez","SNLS",0.2636,0.00117,0.26348,0.263,21.147,0.175,0.027,0.024,-1.088,0.082,21.401,0.027,1,0,0,1,0,0,1,"SNLS 04D3ez",214.78277,53.07194
730,"130308","PS1MD",0.08245,9.0E-4,0.08221,0.08177,18.566,0.216,0.091,0.031,-1.019,0.176,18.974,0.042,0,0,0,3,0,0,1,"[JSR2018] psc130308",213.23779,52.74366
1637,"06D3do","SNLS",0.72674,0.00175,0.72667,0.726,23.828,0.247,-0.076,0.051,0.619,0.479,23.611,0.032,1,0,0,1,0,0,1,"SNLS 06D3do",214.24747,52.88254
1638,"06D3bz","SNLS",0.72774,0.00175,0.72767,0.727,23.755,0.256,-0.103,0.067,-0.789,0.408,23.661,0.043,1,0,0,1,0,0,1,"SNLS 06D3bz",214.29184,53.02482
1605,"05D3lb","SNLS",0.6477,0.0017,0.64763,0.647,23.566,0.287,0.024,0.049,0.303,0.183,23.62,0.028,1,0,0,1,0,0,1,"SNLS 05D3lb",214.38232,53.16793
1376,"500057","PS1MD",0.38061,0.01007,0.38052,0.38,22.208,0.186,-0.142,0.03,1.067,0.372,21.757,0.035,0,0,0,3,0,0,1,"[JSR2018] psc500057",214.47353,53.84169
1445,"50607","PS1MD",0.43935,0.00156,0.43926,0.4387,22.573,0.201,0.061,0.044,0.108,0.507,22.649,0.047,0,0,0,3,0,0,0,"[JSR2018] psc050607",213.51392,53.36219
1146,"380378","PS1MD",0.27141,0.00146,0.27129,0.2708,21.315,0.12,-0.14,0.026,0.519,0.176,20.906,0.035,0,0,0,3,0,0,1,"[JSR2018] psc380378",213.52448,53.46481
1446,"40166","PS1MD",0.44013,0.00156,0.44004,0.4395,22.887,0.441,-0.149,0.068,0.308,1.48,22.493,0.119,0,0,0,3,0,0,0,"[JSR2018] psc040166",214.11961,54.05356
1573,"05D3lr","SNLS",0.60067,0.01009,0.6006,0.6,23.359,0.278,0.099,0.039,0.193,0.352,23.575,0.038,1,0,0,1,0,0,1,"SNLS 05D3lr",215.55059,53.18427
1409,"520071","PS1MD",0.41161,0.00154,0.41152,0.411,22.56,0.147,-0.059,0.039,-0.201,0.432,22.402,0.051,0,0,0,3,0,0,1,"[JSR2018] psc520071",215.50399,53.61932
742,"160099","PS1MD",0.10165,9.2E-4,0.10142,0.10102,19.045,0.163,-0.023,0.028,0.639,0.127,18.929,0.042,0,0,0,3,0,0,1,"[JSR2018] psc160099",214.66711,54.18306
1387,"50251","PS1MD",0.38781,0.00153,0.38772,0.3872,22.377,0.283,-0.007,0.05,0.715,0.955,22.223,0.061,0,0,0,3,0,0,0,"[JSR2018] psc050251",214.32736,53.97832
1406,"20090","PS1MD",0.41004,0.00154,0.40995,0.4094,22.431,0.279,-0.013,0.045,0.321,0.907,22.307,0.056,0,0,0,3,0,0,0,"[JSR2018] psc020090",212.87941,53.57958
947,"500504","PS1MD",0.19961,0.00141,0.19948,0.199,20.423,0.245,0.106,0.038,-0.801,0.269,20.841,0.046,0,0,0,3,0,0,1,"[JSR2018] psc500504",212.45918,53.47793
1115,"20176","PS1MD",0.26062,0.00145,0.26051,0.26,21.25,0.169,-0.089,0.027,0.9,0.322,20.928,0.031,0,0,0,3,0,0,0,"[JSR2018] psc020176",211.8624,53.34291
1517,"50005","PS1MD",0.52859,0.00162,0.52851,0.5279,22.833,0.187,-0.007,0.044,1.393,0.707,22.644,0.052,0,0,0,3,0,0,0,"[JSR2018] psc050005",211.81218,53.99761
847,"390627","PS1MD",0.16061,0.01005,0.16045,0.16,20.171,0.259,-0.197,0.044,-1.705,0.256,19.952,0.064,0,0,0,3,0,0,1,"[JSR2018] psc390627",212.62733,53.89996
1,"2011fe","LOSS2",0.00122,8.4E-4,0.00122,8.2E-4,9.746,1.516,-0.108,0.04,-0.548,0.134,9.584,0.033,0,0,0,0,0,0,1,"SN 2011fe",210.7738,54.27367
2,"2011fe","SOUSA",0.00122,8.4E-4,0.00122,8.2E-4,9.803,1.517,-0.033,0.038,-0.38,0.086,9.784,0.035,0,0,0,0,0,0,1,"SN 2011fe",210.7738,54.27367
68,"2003du","LOSS1",0.00747,8.4E-4,0.00664,0.00638,13.541,0.288,-0.141,0.02,0.258,0.039,13.197,0.023,0,0,0,0,0,0,1,"SN 2003du",218.64917,59.33439
69,"2003du","CfA3S",0.00747,8.4E-4,0.00664,0.00638,13.489,0.294,-0.123,0.025,0.236,0.058,13.197,0.03,0,0,0,0,0,0,1,"SN 2003du",218.64917,59.33439
70,"2003du","LOWZ",0.00747,8.4E-4,0.00664,0.00638,13.516,0.291,-0.11,0.026,0.244,0.057,13.248,0.031,0,0,0,0,0,0,1,"SN 2003du",218.64917,59.33439
1273,"50303","PS1MD",0.32842,0.00149,0.32829,0.3282,22.055,0.307,0.181,0.051,0.641,0.739,22.371,0.062,0,0,0,3,0,0,0,"[JSR2018] psc050303",241.4368,56.07442
422,"ASASSN-15fa","FOUND",0.02741,8.6E-4,0.02721,0.02734,16.271,0.224,0.054,0.034,0.837,0.225,16.306,0.043,0,0,0,0,0,1,1,"ASASSN-15fa",257.44179,62.97417
569,"2000cf","CfA2",0.03707,8.7E-4,0.03646,0.03642,16.795,0.164,-0.047,0.028,-0.52,0.083,16.789,0.039,1,0,0,0,0,0,1,"SN 2000cf",238.23412,65.93686
115,"2009an","LOSS2",0.01026,8.4E-4,0.00921,0.00887,14.085,0.305,0.01,0.042,-1.339,0.236,14.32,0.069,0,0,0,1,0,0,1,"SN 2009an",185.6975,65.85111
116,"2009an","CfA4p1",0.01026,8.4E-4,0.00921,0.00887,13.972,0.298,0.011,0.03,-1.471,0.101,14.23,0.036,0,0,0,1,0,0,1,"SN 2009an",185.6975,65.85111
52,"2014bv","SOUSA",0.00634,8.5E-4,0.00548,0.00533,13.147,0.482,0.057,0.049,-2.411,0.158,13.67,0.052,0,0,0,0,0,0,1,"SN 2014bv",186.12908,75.53572
599,"2001az","CfA3S",0.04101,8.7E-4,0.04059,0.04069,17.062,0.148,-0.081,0.029,1.115,0.408,16.702,0.048,1,0,0,1,2,0,1,"SN 2001az",248.61449,76.02954
689,"2007ae","CfA3K",0.06533,9.6E-4,0.06485,0.06499,17.832,0.151,-0.013,0.032,1.759,0.287,17.54,0.044,1,0,0,1,2,0,1,"SN 2007ae",255.46695,79.03174
354,"ASASSN-16em","FOUND",0.0239,8.6E-4,0.02296,0.02302,15.741,0.276,0.045,0.039,0.44,0.131,15.918,0.085,0,0,0,0,0,0,1,"ASASSN-16em",203.05916,84.67843
1234,"21042","SDSS",0.30962,0.0012,0.30955,0.3109,21.467,0.256,-0.09,0.053,1.257,0.771,21.146,0.068,1,1,0,1,0,0,1,"SDSS-II SN 21042",315.01154,0.82758
1141,"14298","SDSS",0.26887,0.00117,0.26879,0.2701,21.351,0.215,-0.084,0.044,1.39,0.409,21.033,0.054,1,1,0,1,0,0,1,"SDSS-II SN 14298",314.89504,1.22325
281,"2001dl","LOSS1",0.02049,8.5E-4,0.01983,0.02095,15.873,0.375,0.204,0.031,0.323,0.108,16.572,0.042,0,0,0,0,0,0,1,"SN 2001dl",320.25721,9.18067
172,"2003gt","LOSS1",0.01462,8.5E-4,0.01422,0.01519,14.672,0.242,-0.032,0.027,-0.197,0.032,14.669,0.067,0,0,0,0,0,0,1,"SN 2003gt",308.24633,9.87203
171,"2004eo","CSP",0.0146,8.5E-4,0.0142,0.01517,14.63,0.248,-0.042,0.026,-1.232,0.021,14.759,0.064,1,0,1,1,2,0,1,"SN 2004eo",308.22579,9.92853
178,"PSNJ2043531","FOUND",0.01492,8.5E-4,0.01449,0.01549,14.937,0.372,0.093,0.043,-2.555,0.147,15.737,0.071,0,0,0,0,0,1,1,"PSN J20435314+1230304",310.97142,12.50844
176,"2013fa","LOSS2",0.01472,8.5E-4,0.01429,0.0153,14.536,0.396,0.206,0.03,-0.557,0.089,15.374,0.064,0,0,0,0,0,0,1,"SN 2013fa",310.973,12.5144
559,"PS15bbn","FOUND",0.03624,8.7E-4,0.03602,0.0371,16.932,0.185,-0.047,0.037,1.507,0.251,16.633,0.062,0,0,0,0,0,1,1,"PS15bbn",315.98962,13.36836
212,"2013fw","LOSS2",0.01656,8.5E-4,0.0157,0.01679,14.908,0.216,-0.033,0.022,0.556,0.05,14.792,0.048,0,0,0,0,0,0,1,"SN 2013fw",318.437,13.5759
453,"PS16cvc","FOUND",0.02915,8.6E-4,0.02844,0.02954,16.442,0.181,-0.099,0.036,1.166,0.132,16.063,0.067,0,0,0,0,0,0,1,"PS16cvc",318.09729,14.77919
476,"AT2016cyt","FOUND",0.03059,8.6E-4,0.02965,0.03074,16.106,0.162,-0.099,0.035,-1.772,0.088,16.144,0.059,0,0,0,0,0,0,1,"AT2016cyt",317.39929,15.1255
429,"2006ev","CSP",0.0281,8.6E-4,0.02759,0.02873,16.421,0.215,0.066,0.028,-1.337,0.075,16.795,0.058,0,0,1,1,2,0,1,"SN 2006ev",322.74692,13.98922
573,"AT2016hns","FOUND",0.0374,8.7E-4,0.03704,0.03817,16.726,0.161,-0.097,0.036,-1.005,0.176,16.656,0.055,0,0,0,0,0,0,1,"AT2016hns",324.92104,24.40669
640,"AT2016gmg","FOUND",0.04865,8.8E-4,0.04839,0.04944,17.388,0.179,-0.048,0.048,-1.821,0.278,17.533,0.09,0,0,0,0,0,0,1,"SN 2016gmg",320.92437,33.1146
533,"2003gn","LOSS1",0.03375,8.6E-4,0.03316,0.03438,16.77,0.242,0.048,0.026,-1.095,0.101,17.144,0.039,0,0,0,0,0,0,1,"SN 2003gn",338.46533,20.80236
416,"2002eb","LOSS1",0.02731,9.1E-4,0.02633,0.02751,16.014,0.17,-0.071,0.021,0.783,0.038,15.752,0.04,0,0,0,0,0,0,1,"SN 2002eb",334.77183,24.59439
504,"2006en","LOSS1",0.03162,8.6E-4,0.03081,0.03198,16.394,0.192,0.036,0.029,-0.172,0.146,16.507,0.048,0,0,0,0,0,0,1,"SN 2006en",347.52108,30.22333
505,"2006en","CfA3K",0.03162,8.6E-4,0.03081,0.03198,16.432,0.186,0.023,0.03,-0.464,0.1,16.558,0.052,0,0,0,0,0,0,1,"SN 2006en",347.52108,30.22333
537,"2006gr","LOSS1",0.03428,8.6E-4,0.03352,0.03467,16.666,0.206,0.065,0.03,0.813,0.097,16.706,0.057,1,0,0,0,2,0,1,"SN 2006gr",338.09446,30.82869
538,"2006gr","CfA3K",0.03428,8.6E-4,0.03352,0.03467,16.685,0.21,0.072,0.029,0.803,0.069,16.744,0.055,1,0,0,0,2,0,1,"SN 2006gr",338.09446,30.82869
428,"2010ii","LOSS2",0.02805,8.6E-4,0.02704,0.02814,15.878,0.183,-0.106,0.031,-1.637,0.18,15.904,0.057,0,0,0,0,0,0,1,"SN 2010ii",339.555,35.4917
567,"2008ei","LOSS1",0.03702,0.001,0.03654,0.03766,16.827,0.336,0.183,0.031,0.08,0.223,17.44,0.06,0,0,0,0,0,0,1,"SN 2008ei",334.38854,33.25592
257,"2011fs","LOSS2",0.01875,8.5E-4,0.01822,0.01929,15.294,0.214,-0.036,0.031,1.187,0.091,15.029,0.07,0,0,0,0,0,0,1,"SN 2011fs",334.33133,35.58056
258,"2011fs","SOUSA",0.01875,8.5E-4,0.01822,0.01929,15.234,0.32,-0.084,0.061,0.229,0.81,15.005,0.083,0,0,0,0,0,0,1,"SN 2011fs",334.33133,35.58056
229,"ASASSN-15kx","FOUND",0.0172,8.5E-4,0.01697,0.01802,15.355,0.218,-0.096,0.042,-1.453,0.146,15.361,0.1,0,0,0,0,0,1,1,"ASASSN-15kx",334.049,37.4739
479,"ASASSN-16hr","FOUND",0.03083,8.6E-4,0.0298,0.03086,16.212,0.277,0.055,0.039,1.052,0.198,16.318,0.08,0,0,0,0,0,0,1,"ASASSN-16hr",336.38233,38.98431
204,"ASASSN-15oh","FOUND",0.01587,8.5E-4,0.01579,0.01683,15.139,0.269,0.028,0.047,-1.584,0.173,15.473,0.097,0,0,0,0,0,1,1,"ASASSN-15oh",337.6749,39.29312
18,"2013dy","LOSS2",0.00432,8.4E-4,0.00293,0.00394,12.246,0.514,0.074,0.026,0.872,0.024,12.438,0.081,0,0,0,0,0,0,1,"SN 2013dy",334.573,40.5693
19,"2013dy","SOUSA",0.00432,8.4E-4,0.00293,0.00394,12.308,0.53,0.069,0.046,1.17,0.137,12.448,0.094,0,0,0,0,0,0,1,"SN 2013dy",334.573,40.5693
288,"2001br","LOSS1",0.0209,8.7E-4,0.02046,0.0209,15.559,0.299,0.04,0.044,-1.496,0.137,15.983,0.05,0,0,0,0,0,0,1,"SN 2001br",277.60646,34.10361
325,"2006bq","CfA3K",0.0227,8.6E-4,0.02226,0.02271,15.616,0.201,0.027,0.028,-1.67,0.07,15.941,0.046,0,0,0,0,0,0,1,"SN 2006bq",279.9945,39.98078
454,"ASASSN-15fs","FOUND",0.02917,8.6E-4,0.0285,0.02902,15.986,0.184,0.007,0.035,-0.022,0.131,16.017,0.062,0,0,0,0,0,1,1,"ASASSN-15fs",284.67007,43.46886
208,"2002cs","LOSS1",0.0159,8.5E-4,0.01538,0.01584,14.78,0.271,0.012,0.032,0.528,0.038,14.811,0.071,0,0,0,0,0,0,1,"SN 2002cs",281.74983,45.70547
646,"1998dx","CfA2",0.05018,8.8E-4,0.0498,0.05014,17.316,0.153,-0.107,0.033,-1.596,0.295,17.313,0.046,1,0,0,0,0,0,1,"SN 1998dx",272.79954,49.86131
602,"2014bj","LOSS2",0.04258,0.00507,0.04239,0.043,17.258,0.426,-0.011,0.029,0.808,0.426,17.16,0.073,0,0,0,0,0,0,1,"SN 2014bj",290.66312,43.89081
179,"2011df","LOSS2",0.01493,8.5E-4,0.01402,0.01454,14.599,0.276,0.018,0.033,0.206,0.073,14.697,0.08,0,0,0,0,0,0,1,"SN 2011df",291.89017,54.38647
614,"AT2016cvv","FOUND",0.04438,9.6E-4,0.04404,0.04457,17.294,0.23,0.055,0.044,1.472,0.331,17.22,0.074,0,0,0,0,0,0,1,"AT2016cvv",290.12021,54.20853
1681,"SCP06U4","SNAP",1.04817,0.00178,1.04819,1.05,25.17,0.488,-0.195,0.101,-0.531,1.412,24.804,0.081,0,0,0,0,0,0,1,"SCP06U4",356.37262,-36.54604
449,"1993ah","LOWZ",0.02888,8.8E-4,0.02828,0.0293,16.023,0.655,0.11,0.12,-2.202,0.829,16.631,0.266,0,0,0,0,0,0,1,"SN 1993ah",357.95946,-27.96306
459,"LSQ12gdj","SOUSA",0.02947,8.6E-4,0.02886,0.02991,15.841,0.271,-0.008,0.052,1.271,0.237,15.692,0.043,0,0,0,0,0,0,1,"LSQ12gdj",358.6805,-25.67611
303,"2006et","CfA3K",0.02183,8.6E-4,0.0214,0.0224,15.505,0.282,0.12,0.029,0.789,0.144,15.707,0.034,1,0,1,1,2,0,1,"SN 2006et",10.69092,-23.55844
304,"2006et","CSP",0.02183,8.6E-4,0.0214,0.0224,15.521,0.252,0.108,0.021,0.747,0.033,15.698,0.024,1,0,1,1,2,0,1,"SN 2006et",10.69092,-23.55844
653,"PS16fbb","FOUND",0.05106,8.8E-4,0.05139,0.0525,17.627,0.166,-0.115,0.039,0.641,0.254,17.283,0.044,0,0,0,0,0,0,1,"PS16fbb",1.76317,-20.69684
246,"2000dr","LOSS1",0.0179,8.6E-4,0.01765,0.01867,15.045,0.318,0.048,0.042,-2.729,0.104,15.697,0.035,0,0,0,0,0,0,1,"SN 2000dr",15.4335,-15.56919
707,"PS15bwh","FOUND",0.07158,9.9E-4,0.07149,0.07267,17.996,0.159,-0.081,0.038,0.719,0.214,17.687,0.042,0,0,0,0,0,1,1,"PS15bwh",352.64417,-18.89153
515,"ASASSN-15pr","FOUND",0.03264,8.7E-4,0.03189,0.03309,16.655,0.196,-0.056,0.045,-0.67,0.224,16.654,0.066,0,0,0,0,0,1,1,"ASASSN-15pr",346.665,-12.5729
529,"2005iq","CfA3K",0.03341,8.7E-4,0.03292,0.03404,16.612,0.149,-0.099,0.028,-1.114,0.11,16.554,0.032,1,0,1,1,2,0,1,"SN 2005iq",359.63542,-18.70917
530,"2005iq","CSP",0.03341,8.7E-4,0.03292,0.03404,16.599,0.141,-0.127,0.022,-1.16,0.044,16.492,0.024,1,0,1,1,2,0,1,"SN 2005iq",359.63542,-18.70917
650,"PS15brr","FOUND",0.05049,8.8E-4,0.05063,0.0518,17.293,0.189,-0.079,0.042,0.696,0.268,17.027,0.058,0,0,0,0,0,1,1,"PS15brr",358.35671,-15.65489
326,"2002ef","LOSS1",0.02273,8.7E-4,0.02224,0.02341,15.432,0.357,0.254,0.019,-0.547,0.077,16.379,0.028,0,0,0,0,0,0,1,"SN 2002ef",357.87308,-13.37956
561,"2008hj","CSP",0.03682,8.8E-4,0.03643,0.03761,16.675,0.154,-0.076,0.022,0.184,0.036,16.495,0.029,0,0,1,0,2,0,1,"SN 2008hj",1.00797,-11.16899
562,"2008hj","CfA4p1",0.03682,8.8E-4,0.03643,0.03761,16.631,0.183,-0.091,0.032,-0.464,0.305,16.514,0.039,0,0,1,0,2,0,1,"SN 2008hj",1.00797,-11.16899
654,"2003ic","CfA3S",0.05126,8.8E-4,0.05196,0.05311,17.14,0.2,-0.023,0.037,-1.699,0.251,17.386,0.059,0,0,0,0,2,0,1,"SN 2003ic",10.45973,-9.30531
270,"2006ej","LOSS1",0.02023,8.5E-4,0.01926,0.02038,15.347,0.186,-0.046,0.029,-1.657,0.08,15.49,0.036,1,0,1,1,0,0,1,"SN 2006ej",9.74904,-9.01572
271,"2006ej","SOUSA",0.02023,8.5E-4,0.01926,0.02038,15.248,0.294,0.058,0.052,-1.257,0.216,15.596,0.045,1,0,1,1,0,0,1,"SN 2006ej",9.74904,-9.01572
272,"2006ej","CSP",0.02023,8.5E-4,0.01926,0.02038,15.323,0.188,-0.044,0.027,-1.523,0.046,15.451,0.033,1,0,1,1,0,0,1,"SN 2006ej",9.74904,-9.01572
273,"2006ej","CfA3K",0.02023,8.5E-4,0.01926,0.02038,15.395,0.186,-0.03,0.029,-1.091,0.08,15.492,0.038,1,0,1,1,0,0,1,"SN 2006ej",9.74904,-9.01572
531,"PS15bsq","FOUND",0.03371,8.6E-4,0.03309,0.0343,16.527,0.157,-0.069,0.033,0.512,0.132,16.283,0.042,0,0,0,0,0,1,1,"PS15bsq",355.46737,-8.63789
48,"2007le","LOSS1",0.0063,8.4E-4,0.00552,0.00672,12.822,0.533,0.209,0.019,0.206,0.037,13.578,0.029,0,0,1,0,0,0,1,"SN 2007le",354.70186,-6.52269
49,"2007le","CSP",0.0063,8.4E-4,0.00552,0.00672,12.831,0.537,0.207,0.021,0.235,0.027,13.575,0.028,0,0,1,0,0,0,1,"SN 2007le",354.70186,-6.52269
50,"2007le","CfA4p1",0.0063,8.4E-4,0.00552,0.00672,12.767,0.537,0.226,0.026,0.273,0.048,13.57,0.035,0,0,1,0,0,0,1,"SN 2007le",354.70186,-6.52269
366,"ASASSN-15sf","FOUND",0.02432,0.00131,0.02349,0.02468,15.979,0.234,-0.07,0.033,0.873,0.136,15.717,0.041,0,0,0,0,0,1,1,"ASASSN-15sf",2.865,-6.4273
378,"2003he","LOSS1",0.02491,8.7E-4,0.02404,0.02526,15.833,0.239,0.033,0.02,0.339,0.046,15.955,0.03,0,0,0,0,0,0,1,"SN 2003he",359.73771,-2.24808
1132,"13099","SDSS",0.26463,0.00105,0.26451,0.26602,21.419,0.255,-0.018,0.048,0.297,0.824,21.288,0.054,1,1,0,1,0,0,1,"SDSS-II SN 13099",359.819,-1.25039
487,"2008gg","LOSS2",0.03114,8.7E-4,0.03107,0.03203,16.417,0.235,0.04,0.032,1.124,0.296,16.35,0.038,0,0,1,0,0,0,1,"SN 2008gg",21.346,-18.17244
488,"2008gg","CSP",0.03114,8.7E-4,0.03107,0.03203,16.288,0.183,0.034,0.023,0.834,0.051,16.247,0.027,0,0,1,0,0,0,1,"SN 2008gg",21.346,-18.17244
612,"MASTERJ0134","FOUND",0.04369,8.7E-4,0.04391,0.04485,17.006,0.176,-0.071,0.044,0.402,0.2,16.803,0.065,0,0,0,0,0,0,1,"MASTER OT J013415.01-174843.9",23.56254,-17.81219
705,"ATLAS16bwu","FOUND",0.07091,8.9E-4,0.07074,0.0718,18.118,0.227,0.043,0.04,0.107,0.294,18.238,0.045,0,0,0,0,0,0,1,"ATLAS16bwu",18.59267,-13.15306
234,"2006ef","LOSS1",0.01734,8.5E-4,0.01694,0.01781,15.108,0.219,-0.057,0.026,-1.565,0.068,15.247,0.031,0,0,1,1,2,0,1,"SN 2006ef",31.08137,-8.72847
300,"2018fop","CNIa0.02",0.02151,8.6E-4,0.02017,0.02121,15.337,0.197,-0.077,0.03,0.648,0.136,15.086,0.051,0,0,0,0,0,0,1,"SN 2018fop",18.82546,-6.85904
51,"1998dm","LOSS1",0.00631,8.5E-4,0.00567,0.00667,13.58,0.562,0.229,0.04,0.561,0.053,14.399,0.042,0,0,0,0,0,0,1,"SN 1998dm",21.55821,-6.10389
638,"ASASSN-15pm","FOUND",0.04837,8.9E-4,0.04777,0.04879,17.121,0.152,-0.058,0.035,-0.07,0.175,16.99,0.042,0,0,0,0,0,1,1,"ASASSN-15pm",24.65033,-4.68001
671,"2005hj","CSP",0.05708,8.8E-4,0.05631,0.05739,17.737,0.169,-0.026,0.024,1.619,0.105,17.472,0.03,1,1,1,2,0,0,0,"SN 2005hj",21.70167,-1.23811
1099,"5736","SDSS",0.25407,0.00511,0.25394,0.2552,21.202,0.166,-0.01,0.036,-0.189,0.317,21.155,0.043,1,1,0,1,0,0,1,"SDSS-II SN 5736",22.86279,-0.63167
1544,"1303952","DES",0.56269,0.0014,0.56263,0.56387,23.349,0.264,-0.2,0.046,0.582,0.546,22.882,0.071,0,0,0,0,2,0,1,"DES15X2dzq",35.87176,-6.92194
1162,"1317286","DES",0.28207,0.00511,0.28198,0.283,21.346,0.164,-0.1,0.027,0.728,0.158,21.022,0.032,0,0,0,0,2,0,1,"DES14X2rao",36.0079,-6.81061
1639,"1304127","DES",0.72866,0.0052,0.72861,0.73,23.752,0.282,-0.244,0.073,0.437,0.758,23.352,0.065,0,0,0,0,2,0,1,"DES15X2dzo",35.18049,-6.95111
1428,"1295027","DES",0.42568,0.00129,0.42562,0.42676,22.451,0.194,-0.041,0.049,-0.25,0.486,22.368,0.07,0,0,0,0,2,0,1,"DES14X2aph",35.43274,-6.94056
1585,"1308957","DES",0.61875,0.00518,0.61869,0.62,23.463,0.388,-0.141,0.104,-0.26,0.89,23.186,0.12,0,0,0,0,2,0,1,"DES15X2efk",35.13385,-6.62402
1196,"1303004","DES",0.29504,0.00512,0.29496,0.296,21.509,0.172,-0.069,0.028,0.812,0.16,21.248,0.032,0,0,0,0,2,0,1,"DES14X2gxr",35.29462,-6.46312
1240,"1337838","DES",0.31203,0.0012,0.31195,0.313,21.697,0.158,-0.044,0.026,0.995,0.201,21.481,0.033,0,0,0,0,2,0,1,"DES15X2mzv",35.49601,-6.4982
1576,"1335564","DES",0.60626,0.00143,0.6062,0.6075,23.363,0.274,-0.044,0.05,0.39,0.641,23.196,0.069,0,0,0,0,2,0,1,"DES15X2mey",35.12813,-6.44647
1443,"1310338","DES",0.4389,0.00514,0.43883,0.44,22.215,0.209,0.013,0.028,-0.407,0.315,22.324,0.034,0,0,0,0,2,0,1,"DES14X2mqz",35.04199,-6.37668
1606,"1338266","DES",0.64852,0.00146,0.64846,0.6498,23.787,0.271,-0.114,0.069,-0.297,0.606,23.548,0.058,0,0,0,0,2,0,1,"DES15X1mzz",34.90503,-5.86912
1176,"1313594","DES",0.28844,0.00118,0.28835,0.2894,21.496,0.135,-0.106,0.029,0.516,0.159,21.169,0.033,0,0,0,0,2,0,1,"DES14X1oes",34.83293,-5.78942
1382,"1343401","DES",0.38291,0.00126,0.38284,0.38397,22.115,0.205,-0.061,0.038,0.927,0.705,21.83,0.045,0,0,0,0,2,0,1,"DES15X1odo",34.57212,-5.65487
1494,"1337272","DES",0.50282,0.00135,0.50276,0.504,22.908,0.217,-0.082,0.049,-0.986,0.567,22.809,0.061,0,0,0,0,2,0,1,"DES15X1mvl",34.12842,-5.68055
1423,"1345594","DES",0.42249,0.00129,0.42242,0.4236,22.427,0.274,-0.151,0.051,-0.033,1.144,22.077,0.064,0,0,0,0,2,0,1,"DES15X1oqk",33.8987,-5.59982
1602,"1308568","DES",0.64311,0.00146,0.64305,0.64442,23.108,0.407,0.103,0.091,-0.033,1.023,23.248,0.122,0,0,0,0,2,0,1,"DES15X1eei",33.8732,-5.05255
1181,"1310395","DES",0.28907,0.00511,0.28899,0.29,21.449,0.276,0.057,0.032,-0.883,0.27,21.8,0.039,0,0,0,0,2,0,1,"DES14X2mgg",36.53432,-6.75999
1201,"1293319","DES",0.29695,0.00119,0.29687,0.2979,21.498,0.209,-0.012,0.032,1.832,0.27,21.301,0.04,0,0,0,0,2,0,1,"DES14X2ags",36.00241,-6.49773
816,"1296657","DES",0.14638,0.00108,0.14624,0.14715,19.933,0.206,-0.007,0.042,0.789,0.357,19.86,0.066,0,0,0,0,2,0,1,"DES14X2bnz",36.25519,-6.27856
1214,"1339002","DES",0.30304,0.0012,0.30296,0.304,21.567,0.273,0.096,0.046,-1.238,0.388,21.994,0.047,0,0,0,0,2,0,1,"DES15X2nkl",35.83055,-6.52631
1372,"1282736","DES",0.37805,0.00125,0.37798,0.37908,22.107,0.222,0.07,0.043,-0.76,0.412,22.381,0.06,0,0,0,0,2,0,1,"DES15X2asp",35.80932,-6.26809
936,"1334620","DES",0.19635,0.00112,0.19624,0.1972,20.64,0.292,0.206,0.036,-0.463,0.315,21.262,0.047,0,0,0,0,2,0,1,"DES15X2lxw",35.75294,-6.26418
935,"1298893","DES",0.19627,0.00112,0.19616,0.19712,20.587,0.253,-0.023,0.097,-2.06,0.661,20.834,0.073,0,0,0,0,2,0,1,"DES14X2eei",35.72403,-6.25683
1077,"1334645","DES",0.24711,0.00115,0.24701,0.248,20.945,0.135,-0.077,0.029,-0.863,0.175,20.891,0.035,0,0,0,0,2,0,1,"DES15X2mei",36.37959,-5.87899
1217,"1287626","DES",0.30404,0.00512,0.30396,0.305,21.466,0.22,-0.018,0.031,0.154,0.43,21.443,0.036,0,0,0,0,2,0,1,"DES13X2agef",35.93182,-5.96122
1579,"1332413","DES",0.60878,0.00518,0.60873,0.61,23.365,0.229,-0.123,0.041,1.201,0.504,22.978,0.053,0,0,0,0,2,0,1,"DES15X2lnb",36.27489,-5.85303
1039,"1336687","DES",0.23391,0.00114,0.23381,0.2348,20.926,0.291,0.08,0.028,0.392,0.163,21.217,0.037,0,0,0,0,2,0,1,"DES15X2mpm",35.60581,-6.14986
1452,"1291080","DES",0.44391,0.00514,0.44384,0.445,22.554,0.289,0.004,0.049,-1.29,0.667,22.705,0.069,0,0,0,0,2,0,1,"DES14X2dl",35.68456,-6.06357
1473,"1339149","DES",0.46887,0.00132,0.4688,0.46998,22.51,0.232,0.016,0.042,-0.263,0.505,22.609,0.053,0,0,0,0,2,0,1,"DES15X2nkz",35.55503,-5.87171
1051,"1317277","DES",0.23721,0.00115,0.23711,0.2381,20.972,0.202,0.027,0.035,-1.4,0.318,21.25,0.041,0,0,0,0,2,0,1,"DES14X2raq",35.90315,-5.48146
1315,"1329312","DES",0.34487,0.00123,0.34479,0.34586,21.98,0.17,-0.064,0.036,-1.426,0.333,22.026,0.044,0,0,0,0,2,0,1,"DES15X3kxu",36.2633,-5.5418
1220,"1259412","DES",0.30486,0.0012,0.30477,0.30581,21.649,0.137,-0.048,0.028,0.87,0.144,21.403,0.031,0,0,0,1,2,0,1,"DES13X3syi",36.34541,-5.32413
809,"1317666","DES",0.14134,0.00107,0.1412,0.1421,19.871,0.259,0.067,0.03,-0.14,0.106,20.194,0.042,0,0,0,0,2,0,1,"DES15X3kqv",36.77105,-5.00309
1285,"1338675","DES",0.33056,0.00122,0.33048,0.33153,21.914,0.213,0.022,0.027,0.02,0.19,22.028,0.034,0,0,0,0,2,0,1,"DES15X3naa",36.74366,-4.96774
1612,"03D1co","SNLS",0.67773,0.00172,0.67767,0.679,23.972,0.311,-0.04,0.067,0.679,0.407,23.811,0.045,1,0,0,1,0,0,1,"SNLS 03D1co",36.56775,-4.93505
1282,"1301933","DES",0.32968,0.00122,0.3296,0.33065,21.85,0.112,-0.133,0.023,-0.225,0.088,21.573,0.029,0,0,0,0,2,0,1,"DES14X3ftq",36.66372,-4.97076
1634,"04D1aj","SNLS",0.71969,0.0101,0.71964,0.721,23.717,0.341,-0.028,0.066,0.38,0.359,23.622,0.035,1,0,0,1,0,0,1,"SNLS 04D1aj",36.47483,-4.99461
1616,"05D1ke","SNLS",0.68872,0.0101,0.68867,0.69,23.561,0.225,-0.111,0.049,0.21,0.258,23.328,0.027,1,0,0,1,0,0,1,"SNLS 05D1ke",36.69288,-4.86249
1596,"04D1pu","SNLS",0.63777,0.00169,0.63771,0.639,23.277,0.442,0.097,0.081,-1.599,0.371,23.747,0.052,1,0,0,1,0,0,1,"SNLS 04D1pu",36.86864,-4.74493
1317,"03D1bp","SNLS",0.34602,0.0015,0.34594,0.347,22.079,0.134,-0.049,0.026,-1.153,0.112,22.133,0.03,1,0,0,1,0,0,1,"SNLS 03D1bp",36.65723,-4.83878
1568,"05D1hm","SNLS",0.58582,0.00166,0.58575,0.587,23.454,0.372,0.145,0.04,1.083,0.285,23.826,0.035,1,0,0,1,0,0,1,"SNLS 05D1hm",36.94257,-4.71729
1434,"440236","PS1MD",0.42895,0.01007,0.42888,0.43,22.391,0.192,-0.084,0.038,-0.769,0.522,22.262,0.045,0,0,0,3,0,0,1,"[JSR2018] psc440236",37.10185,-4.42461
1352,"1308582","DES",0.36713,0.00124,0.36705,0.36812,21.956,0.149,-0.075,0.035,-0.444,0.333,21.833,0.046,0,0,0,0,2,0,1,"DES15X3flq",37.13724,-4.37277
1175,"1334644","DES",0.28814,0.00118,0.28806,0.2891,21.455,0.186,-0.06,0.036,-1.763,0.368,21.564,0.038,0,0,0,0,2,0,1,"DES15X2lxv",35.10722,-5.77254
1397,"1329615","DES",0.40368,0.00127,0.40361,0.40474,22.363,0.212,-0.014,0.041,-0.473,0.555,22.379,0.054,0,0,0,0,2,0,1,"DES15X2kvt",35.4427,-5.63985
1574,"1338233","DES",0.60155,0.00143,0.60149,0.60279,23.503,0.394,-0.116,0.072,-1.446,0.927,23.422,0.097,0,0,0,0,2,0,1,"DES15X1mwg",35.1227,-5.52929
1253,"100163","PS1MD",0.31782,0.00149,0.31773,0.3188,21.821,0.194,-0.076,0.051,0.295,0.464,21.582,0.085,0,0,0,3,0,0,1,"[JSR2018] psc100163",35.44234,-5.1516
1258,"440509","PS1MD",0.31901,0.01006,0.31892,0.32,21.641,0.202,-0.094,0.061,-0.438,0.654,21.469,0.084,0,0,0,3,0,0,1,"[JSR2018] psc440509",34.84963,-5.43037
1016,"1292560","DES",0.22493,0.00114,0.22482,0.22582,20.86,0.158,-0.131,0.028,0.289,0.156,20.535,0.035,0,0,0,0,2,0,1,"DES14X1qn",35.05578,-5.36113
1510,"1334470","DES",0.51883,0.00516,0.51876,0.52,22.942,0.249,-0.001,0.038,0.995,0.577,22.836,0.053,0,0,0,0,2,0,1,"DES15X1mav",35.0537,-4.9472
1109,"1297026","DES",0.25865,0.00116,0.25855,0.25956,21.257,0.147,-0.048,0.031,-0.718,0.205,21.246,0.036,0,0,0,0,2,0,1,"DES14X3amb",35.82099,-5.18215
1489,"1305504","DES",0.49566,0.00134,0.4956,0.49679,22.892,0.118,-0.089,0.025,-0.463,0.163,22.729,0.03,0,0,0,0,2,0,1,"DES14X3jmx",36.05844,-5.16458
1511,"310260","PS1MD",0.51885,0.01008,0.51879,0.52,22.929,0.208,-0.061,0.051,-0.02,0.543,22.714,0.045,0,0,0,3,0,0,1,"[JSR2018] psc310260",36.16891,-5.10431
1670,"04D1ks","SNLS",0.79662,0.01011,0.79656,0.798,23.65,0.371,0.105,0.06,0.689,0.262,23.846,0.037,1,0,0,1,0,0,1,"SNLS 04D1ks",36.03965,-4.97872
1549,"05D1dn","SNLS",0.56481,0.00164,0.56475,0.566,23.234,0.191,-0.023,0.034,1.234,0.224,23.021,0.027,1,0,0,1,0,0,1,"SNLS 05D1dn",36.11104,-4.99156
1263,"580104","PS1MD",0.32223,0.00121,0.32214,0.3232,21.61,0.156,-0.057,0.035,-0.734,0.251,21.557,0.046,0,0,0,3,2,0,1,"[JSR2018] psc580104",36.11964,-4.9673
1264,"1261579","DES",0.32223,0.00121,0.32214,0.3232,21.624,0.136,-0.009,0.024,-0.171,0.111,21.62,0.031,0,0,0,3,2,0,1,"DES13X3woy",36.11964,-4.9673
1320,"330089","PS1MD",0.34881,0.0015,0.34872,0.3498,22.119,0.217,0.028,0.039,0.682,0.536,22.121,0.047,0,0,0,3,0,0,1,"[JSR2018] psc330089",36.19027,-4.82214
1542,"04D1hx","SNLS",0.55882,0.00164,0.55875,0.56,23.045,0.355,0.112,0.034,0.276,0.191,23.439,0.028,1,0,0,1,0,0,1,"SNLS 04D1hx",36.17706,-4.79032
1490,"03D1ax","SNLS",0.49579,0.00126,0.49572,0.49692,22.829,0.152,-0.106,0.03,-0.734,0.102,22.697,0.026,1,0,0,1,0,0,1,"SNLS 03D1ax",36.09729,-4.72077
1584,"05D1ck","SNLS",0.61577,0.00168,0.61571,0.617,23.456,0.346,0.104,0.037,-0.022,0.259,23.812,0.033,1,0,0,1,0,0,1,"SNLS 05D1ck",36.10354,-4.7128
1642,"04D1pp","SNLS",0.73368,0.00176,0.73362,0.735,23.732,0.194,-0.114,0.051,-1.382,0.213,23.707,0.03,1,0,0,1,0,0,1,"SNLS 04D1pp",36.30199,-4.70158
1426,"1302523","DES",0.42399,0.00129,0.42392,0.42505,22.473,0.131,-0.026,0.028,0.303,0.265,22.347,0.038,0,0,0,0,2,0,1,"DES15X3dyu",36.31758,-4.65981
1645,"05D1eo","SNLS",0.73568,0.00176,0.73562,0.737,23.928,0.256,-0.051,0.064,-1.527,0.294,24.022,0.037,1,0,0,1,0,0,1,"SNLS 05D1eo",36.34642,-4.64267
1242,"1294743","DES",0.31267,0.0012,0.31258,0.31363,21.782,0.278,0.205,0.039,-0.27,0.361,22.338,0.057,0,0,0,0,2,0,1,"DES14X3aeb",36.10253,-4.67493
1486,"05D1ix","SNLS",0.48888,0.01008,0.48881,0.49,22.831,0.198,-0.077,0.026,0.541,0.139,22.606,0.028,1,0,0,1,0,0,1,"SNLS 05D1ix",36.0832,-4.67
1658,"05D1if","SNLS",0.76165,0.00178,0.76159,0.763,23.878,0.238,-0.055,0.051,0.164,0.254,23.76,0.035,1,0,0,1,0,0,1,"SNLS 05D1if",36.12387,-4.57034
1627,"04D1si","SNLS",0.7007,0.00174,0.70064,0.702,23.664,0.222,-0.012,0.054,0.138,0.298,23.583,0.032,1,0,0,1,0,0,1,"SNLS 04D1si",36.20332,-4.56895
1396,"580312","PS1MD",0.40293,0.00154,0.40286,0.404,22.295,0.289,-0.215,0.047,-0.553,1.124,21.871,0.049,0,0,0,2,0,0,1,"PS1-13esp",35.25336,-4.81711
1254,"1345553","DES",0.31804,0.00121,0.31795,0.31902,21.824,0.165,-0.151,0.031,0.151,0.485,21.456,0.039,0,0,0,0,2,0,1,"DES15X1ojh",35.34469,-4.66798
794,"14","PS1MD",0.13614,0.00138,0.13599,0.1369,19.724,0.205,-0.112,0.034,0.476,0.579,19.395,0.045,0,0,0,3,0,0,0,"[JSR2018] psc000014",35.87796,-4.63632
1562,"03D1aw","SNLS",0.5808,0.00517,0.58073,0.582,23.453,0.238,-0.029,0.036,0.998,0.276,23.307,0.028,1,0,0,1,0,0,1,"SNLS 03D1aw",36.06163,-4.51716
1633,"1331993","DES",0.71968,0.00152,0.71962,0.721,23.911,0.203,-0.092,0.055,0.403,0.403,23.641,0.046,0,0,0,0,2,0,1,"DES15X3lqs",35.9718,-4.45933
224,"ASASSN-15od","FOUND",0.01698,8.5E-4,0.01678,0.0176,15.088,0.227,-0.101,0.035,-1.116,0.13,15.048,0.042,0,0,0,0,0,1,1,"ASASSN-15od",35.80504,-4.51722
1700,"wilson","CANDELS",1.91165,0.00263,1.9116,1.91401,26.17,0.358,0.064,0.149,-1.654,0.773,26.28,0.17,0,0,0,1,0,0,1,"NAME UDS10Wil",34.44307,-5.25667
1235,"1300516","DES",0.31052,0.0012,0.31043,0.31151,21.367,0.335,0.147,0.034,0.897,0.286,21.78,0.039,0,0,0,0,2,0,1,"DES14X1fnt",34.54636,-5.01011
1548,"1338278","DES",0.56437,0.0014,0.56431,0.5656,23.144,0.295,0.003,0.051,1.568,0.798,23.021,0.058,0,0,0,0,2,0,1,"DES15X1ney",34.42997,-4.97604
1365,"320469","PS1MD",0.37095,0.00152,0.37087,0.372,22.157,0.39,0.034,0.135,1.508,1.114,22.054,0.186,0,0,0,3,0,0,1,"[JSR2018] psc320469",34.41831,-4.83708
1310,"320258","PS1MD",0.34098,0.0015,0.3409,0.342,21.806,0.192,-0.066,0.044,-1.87,0.417,21.882,0.048,0,0,0,3,0,0,1,"[JSR2018] psc320258",34.748,-4.88074
1599,"1337325","DES",0.63873,0.00518,0.63866,0.64,23.527,0.26,-0.226,0.068,0.08,0.594,23.155,0.063,0,0,0,0,2,0,1,"DES15X1mvs",35.13503,-4.6525
1245,"1341894","DES",0.31303,0.0012,0.31294,0.31401,21.753,0.175,-0.052,0.036,-0.246,0.368,21.655,0.044,0,0,0,0,2,0,1,"DES15X1nxy",35.30251,-4.65022
827,"38","PS1MD",0.1505,0.00139,0.15036,0.1513,19.853,0.168,-0.028,0.029,0.71,0.197,19.711,0.035,0,0,0,3,0,0,0,"[JSR2018] psc000038",35.09566,-4.67251
1257,"310188","PS1MD",0.31901,0.01006,0.31893,0.32,21.888,0.176,-0.071,0.031,-0.219,0.24,21.731,0.039,0,0,0,3,0,0,1,"[JSR2018] psc310188",35.27763,-4.51964
1270,"1305626","DES",0.32581,0.00121,0.32573,0.3268,21.795,0.139,-0.11,0.023,-0.318,0.1,21.594,0.029,0,0,0,0,2,0,1,"DES14X3kbb",35.65462,-4.13325
1388,"420352","PS1MD",0.38895,0.01007,0.38886,0.39,22.13,0.198,-0.106,0.031,0.392,0.365,21.818,0.045,0,0,0,3,0,0,1,"[JSR2018] psc420352",35.18216,-3.96247
1437,"80723","PS1MD",0.4302,0.00156,0.43013,0.4313,22.582,0.164,-0.159,0.036,0.166,0.341,22.181,0.045,0,0,0,3,0,0,0,"[JSR2018] psc080723",34.98637,-3.96061
1660,"04D1de","SNLS",0.76666,0.00178,0.7666,0.768,24.169,0.249,-0.123,0.054,0.904,0.243,23.853,0.034,1,0,0,1,0,0,1,"SNLS 04D1de",36.64962,-4.42262
1349,"560121","PS1MD",0.36499,0.00152,0.36491,0.366,22.21,0.29,0.04,0.042,0.167,0.615,22.294,0.058,0,0,0,3,0,0,1,"[JSR2018] psc560121",36.33879,-4.39526
1663,"04D1pc","SNLS",0.76865,0.00178,0.7686,0.77,24.04,0.311,0.092,0.062,-0.435,0.338,24.264,0.036,1,0,0,1,0,0,1,"SNLS 04D1pc",36.60365,-4.3994
1042,"1279500","DES",0.23481,0.00114,0.23471,0.23568,21.025,0.166,-0.035,0.026,0.647,0.158,20.884,0.032,0,0,0,0,2,0,1,"DES15X3hp",36.92574,-4.31493
1438,"04D1rh","SNLS",0.43494,0.00156,0.43487,0.436,22.53,0.182,-0.064,0.026,0.809,0.21,22.293,0.026,1,0,0,1,0,0,1,"SNLS 04D1rh",36.94645,-4.25377
1565,"04D1kj","SNLS",0.58382,0.00166,0.58375,0.585,23.224,0.197,-0.069,0.029,0.216,0.126,23.072,0.025,1,0,0,1,0,0,1,"SNLS 04D1kj",36.96942,-4.18025
1566,"04D1sa","SNLS",0.58382,0.00166,0.58375,0.585,23.396,0.183,-0.069,0.033,-0.445,0.288,23.3,0.031,1,0,0,1,0,0,1,"SNLS 04D1sa",36.984,-4.17607
1671,"03D1fq","SNLS",0.79863,0.01011,0.79858,0.8,24.181,0.287,-0.041,0.065,-1.023,0.421,24.223,0.045,1,0,0,1,0,0,1,"SNLS 03D1fq",36.73193,-4.30222
1506,"04D1pg","SNLS",0.51387,0.00161,0.5138,0.515,23.004,0.359,0.103,0.035,0.988,0.197,23.314,0.032,1,0,0,1,0,0,1,"SNLS 04D1pg",36.76733,-4.17529
1545,"05D1cc","SNLS",0.56283,0.00164,0.56276,0.564,23.177,0.233,-0.011,0.03,-0.151,0.151,23.244,0.029,1,0,0,1,0,0,1,"SNLS 05D1cc",36.62987,-4.1648
1301,"1314897","DES",0.33671,0.00122,0.33663,0.33769,21.784,0.182,0.015,0.032,0.912,0.3,21.689,0.044,0,0,0,0,2,0,1,"DES15X3itc",36.60663,-4.15516
1592,"05D1cb","SNLS",0.63077,0.00169,0.63071,0.632,23.41,0.201,-0.002,0.042,-0.293,0.206,23.434,0.029,1,0,0,1,0,0,1,"SNLS 05D1cb",36.73773,-4.11757
1595,"1330642","DES",0.63399,0.00145,0.63392,0.63521,23.344,0.145,-0.095,0.038,1.051,0.315,23.016,0.04,0,0,0,0,2,0,1,"DES15X3lab",37.04055,-4.04705
1558,"05D1dx","SNLS",0.57882,0.01009,0.57875,0.58,23.174,0.213,-0.05,0.03,0.647,0.12,23.015,0.025,1,0,0,1,0,0,1,"SNLS 05D1dx",36.94579,-4.03249
1541,"05D1kl","SNLS",0.55882,0.00164,0.55875,0.56,23.48,0.382,0.134,0.04,0.664,0.299,23.888,0.037,1,0,0,1,0,0,1,"SNLS 05D1kl",36.13975,-4.31896
1609,"04D1sk","SNLS",0.66213,0.00147,0.66207,0.6634,23.726,0.278,0.083,0.055,0.453,0.379,23.804,0.032,1,0,0,1,0,0,1,"SNLS 04D1sk",36.09491,-4.35362
1583,"1295305","DES",0.61177,0.00518,0.61171,0.613,23.448,0.162,-0.121,0.043,-0.291,0.323,23.197,0.047,0,0,0,0,2,0,1,"DES14X3ajv",36.24335,-4.25085
1570,"04D1oh","SNLS",0.58879,0.01009,0.58873,0.59,23.249,0.218,-0.072,0.032,-0.077,0.207,23.134,0.03,1,0,0,1,0,0,1,"SNLS 04D1oh",36.25984,-4.23619
1289,"03D1fc","SNLS",0.33103,0.00149,0.33094,0.332,21.757,0.134,-0.023,0.024,0.654,0.118,21.601,0.029,1,0,0,1,0,0,1,"SNLS 03D1fc",36.43165,-4.14406
1497,"03D1au","SNLS",0.50316,0.00135,0.50309,0.5043,22.891,0.227,-0.017,0.03,1.26,0.15,22.738,0.026,1,0,0,1,0,0,1,"SNLS 03D1au",36.04321,-4.03747
1540,"05D1ee","SNLS",0.55782,0.00164,0.55775,0.559,23.186,0.193,-0.006,0.034,-0.604,0.184,23.261,0.03,1,0,0,1,0,0,1,"SNLS 05D1ee",36.19479,-4.00049
1563,"04D1jg","SNLS",0.58301,0.00141,0.58294,0.5842,23.288,0.166,-0.107,0.033,0.262,0.157,23.008,0.027,1,0,0,1,0,0,1,"SNLS 04D1jg",36.55232,-4.1348
1659,"04D1qd","SNLS",0.76566,0.00178,0.7656,0.767,23.984,0.224,0.016,0.052,0.18,0.274,23.966,0.034,1,0,0,1,0,0,1,"SNLS 04D1qd",36.63781,-4.10718
1354,"04D1hd","SNLS",0.36799,0.00152,0.36791,0.369,22.217,0.156,-0.098,0.022,0.786,0.068,21.895,0.026,1,0,0,1,0,0,1,"SNLS 04D1hd",36.53681,-4.10963
1260,"330128","PS1MD",0.32104,0.00149,0.32095,0.322,21.702,0.154,-0.089,0.032,0.408,0.394,21.417,0.039,0,0,0,3,0,0,1,"[JSR2018] psc330128",36.82282,-3.82131
1244,"1283878","DES",0.31296,0.0012,0.31287,0.3139,21.767,0.202,-0.026,0.049,-0.844,0.474,21.819,0.074,0,0,0,0,2,0,1,"DES15X3atu",37.13316,-4.0413
1277,"1306073","DES",0.32868,0.00122,0.32859,0.32964,21.847,0.142,-0.041,0.03,-1.326,0.2,21.934,0.038,0,0,0,0,2,0,1,"DES14X3kvo",36.85064,-3.74935
1184,"570056","PS1MD",0.29008,0.00147,0.28998,0.291,21.477,0.233,0.081,0.065,0.419,0.505,21.611,0.104,0,0,0,3,0,0,1,"[JSR2018] psc570056",37.00668,-3.49503
1180,"1334597","DES",0.28905,0.00511,0.28896,0.29,21.423,0.166,-0.058,0.026,0.55,0.1,21.232,0.031,0,0,0,0,2,0,1,"DES15X3lya",35.83127,-4.06785
1516,"1322229","DES",0.5262,0.00137,0.52613,0.52736,22.917,0.222,0.008,0.033,1.18,0.586,22.82,0.039,0,0,0,0,2,0,1,"DES14X3tdv",35.92636,-4.01889
1375,"320099","PS1MD",0.37997,0.00152,0.37989,0.381,22.162,0.162,-0.056,0.037,0.581,0.34,21.915,0.048,0,0,0,3,0,0,1,"[JSR2018] psc320099",36.0675,-3.91602
974,"550154","PS1MD",0.21015,0.00142,0.21003,0.211,20.895,0.146,-0.1,0.031,0.088,0.295,20.637,0.038,0,0,0,3,0,0,1,"[JSR2018] psc550154",36.35557,-3.59621
1404,"450339","PS1MD",0.40935,0.00154,0.40927,0.4104,22.453,0.274,-0.036,0.057,0.872,0.641,22.226,0.101,0,0,0,3,0,0,1,"[JSR2018] psc450339",36.28735,-3.35339
862,"310039","PS1MD",0.17169,0.0014,0.17156,0.1725,20.207,0.213,0.02,0.027,-0.296,0.129,20.373,0.035,0,0,0,3,0,0,1,"[JSR2018] psc310039",36.21556,-3.34477
1084,"120585","PS1MD",0.24909,0.00144,0.24899,0.25,21.064,0.165,-0.155,0.029,0.223,0.309,20.675,0.04,0,0,0,3,0,0,1,"[JSR2018] psc120585",35.77347,-3.61035
1688,"SCP05D6","SNAP",1.31317,0.00199,1.31311,1.315,25.534,0.315,-0.072,0.063,-0.449,0.583,25.439,0.052,0,0,0,1,0,0,1,"SCP05D6",35.44368,-3.38227
1677,"SCP05D0","SNAP",1.01242,0.00175,1.01236,1.014,24.865,0.366,0.017,0.098,-0.185,0.535,24.973,0.067,0,0,0,1,0,0,1,"SCP05D0",35.42527,-3.36476
1281,"540163","PS1MD",0.32952,0.00149,0.32943,0.3305,21.986,0.16,0.04,0.033,-0.237,0.357,22.082,0.043,0,0,0,3,0,0,1,"[JSR2018] psc540163",36.07233,-3.30934
841,"440042","PS1MD",0.15921,0.01005,0.15906,0.16,20.174,0.282,-0.003,0.028,-1.479,0.219,20.444,0.035,0,0,0,3,0,0,1,"[JSR2018] psc440042",35.90213,-3.29396
1097,"34","PS1MD",0.2533,0.00145,0.25319,0.2542,21.116,0.155,-0.12,0.026,1.003,0.371,20.708,0.033,0,0,0,3,0,0,0,"[JSR2018] psc000034",36.06644,-3.18654
1444,"560027","PS1MD",0.43891,0.00156,0.43883,0.44,22.415,0.279,-0.164,0.056,-0.52,0.647,22.091,0.057,0,0,0,3,0,0,1,"[JSR2018] psc560027",35.85062,-3.08394
1466,"1345582","DES",0.45885,0.00515,0.45878,0.46,22.715,0.251,-0.104,0.049,0.836,1.427,22.371,0.055,0,0,0,0,2,0,1,"DES15X1oox",33.70647,-4.67474
1551,"1306785","DES",0.57542,0.00141,0.57535,0.57667,22.938,0.452,-0.003,0.061,-0.953,1.378,22.982,0.096,0,0,0,0,2,0,1,"DES15X1ebs",33.79371,-4.52224
824,"1255502","DES",0.14834,0.00108,0.14819,0.14915,19.771,0.14,-0.089,0.045,1.051,0.289,19.398,0.073,0,0,0,0,2,0,1,"DES13X1kae",33.90462,-4.20922
962,"110033","PS1MD",0.20483,0.00142,0.20471,0.2057,20.59,0.201,-0.033,0.053,1.315,0.394,20.333,0.09,0,0,0,3,0,0,1,"[JSR2018] psc110033",34.90313,-3.52924
1165,"310238","PS1MD",0.28405,0.00147,0.28395,0.285,21.321,0.152,-0.083,0.027,-0.287,0.166,21.175,0.034,0,0,0,3,0,0,1,"[JSR2018] psc310238",35.52679,-3.23329
1128,"330022","PS1MD",0.26397,0.00145,0.26386,0.2649,21.051,0.204,0.008,0.047,-1.231,0.303,21.245,0.064,0,0,0,3,0,0,1,"[JSR2018] psc330022",35.32408,-2.94912
808,"340229","PS1MD",0.14123,0.00138,0.14108,0.142,19.788,0.211,-0.006,0.088,-1.424,0.849,20.037,0.141,0,0,0,3,0,0,1,"[JSR2018] psc340229",35.87901,-2.86044
891,"330023","PS1MD",0.18078,0.0014,0.18064,0.1816,20.464,0.177,-0.164,0.057,-0.221,0.299,20.103,0.086,0,0,0,3,0,0,1,"[JSR2018] psc330023",35.79806,-2.78009
1251,"15776","SDSS",0.31593,0.0011,0.31582,0.31696,21.68,0.226,-0.134,0.051,-2.23,0.603,21.593,0.055,0,0,0,0,0,0,1,"SDSS-II SN 15776",32.83029,-0.99811
850,"17825","SDSS",0.16236,0.00509,0.1622,0.1632,20.072,0.222,0.003,0.027,-0.137,0.161,20.157,0.035,1,1,0,1,0,0,1,"SDSS-II SN 17825",32.94712,-0.91244
1435,"1306029","DES",0.42903,0.00514,0.42895,0.43,22.574,0.249,0.025,0.038,0.993,0.519,22.56,0.047,0,0,0,0,2,0,1,"DES15S2eak",40.84164,-1.95779
1023,"1315259","DES",0.22818,0.00114,0.22806,0.22896,20.971,0.181,0.029,0.029,-0.491,0.174,21.119,0.036,0,0,0,0,2,0,1,"DES14S2pkz",40.86407,-1.60364
1340,"1280217","DES",0.35909,0.00513,0.35901,0.36,21.9,0.304,0.089,0.035,1.801,0.551,22.048,0.045,0,0,0,0,2,0,1,"DES15S2it",40.89431,-1.51837
1543,"1289555","DES",0.56181,0.0014,0.56174,0.56289,23.041,0.226,-0.144,0.046,0.147,0.442,22.708,0.05,0,0,0,0,2,0,1,"DES15S2dyb",40.73305,-1.39292
1559,"1332059","DES",0.57891,0.00517,0.57884,0.58,23.279,0.23,-0.171,0.041,0.206,0.488,22.91,0.056,0,0,0,0,2,0,1,"DES15S2lmu",40.86508,-1.27736
1509,"1338430","DES",0.51726,0.00136,0.51718,0.5183,22.84,0.189,-0.095,0.041,0.469,0.467,22.54,0.048,0,0,0,0,2,0,1,"DES15S2mwz",40.63932,-1.25466
77,"2009ig","SOUSA",0.00815,8.4E-4,0.00801,0.00877,13.118,0.371,0.054,0.043,1.296,0.141,13.191,0.04,0,0,0,0,0,0,1,"SN 2009ig",39.54843,-1.31257
78,"2009ig","LOSS2",0.00815,8.4E-4,0.00801,0.00877,13.49,0.279,-0.087,0.025,1.072,0.066,13.153,0.034,0,0,0,0,0,0,1,"SN 2009ig",39.54843,-1.31257
79,"2009ig","CfA4p2",0.00815,8.4E-4,0.00801,0.00877,13.418,0.286,-0.076,0.029,1.244,0.16,13.082,0.038,0,0,0,0,0,0,1,"SN 2009ig",39.54843,-1.31257
1044,"1298281","DES",0.2352,0.0051,0.23508,0.236,20.91,0.274,0.042,0.032,-1.567,0.222,21.342,0.04,0,0,0,0,2,0,1,"DES14S2dbi",40.26793,-0.95526
1122,"13655","SDSS",0.26184,0.00105,0.26173,0.2627,21.441,0.248,0.075,0.049,-1.284,0.633,21.683,0.053,1,1,0,1,0,0,1,"SDSS-II SN 13655",39.02042,-0.99417
1515,"1295921","DES",0.524,0.00516,0.52393,0.525,22.924,0.368,0.087,0.07,1.008,0.96,23.068,0.103,0,0,0,0,2,0,1,"DES14S1aoz",42.61491,-0.87176
1112,"1335694","DES",0.25923,0.00511,0.25912,0.26,21.173,0.161,-0.035,0.032,0.997,0.225,20.945,0.043,0,0,0,0,2,0,1,"DES15S1mjm",42.84504,-0.64847
1188,"1263715","DES",0.29196,0.00119,0.29186,0.29279,21.512,0.17,-0.073,0.032,0.403,0.279,21.301,0.042,0,0,0,0,2,0,1,"DES13S2acrg",41.60989,-1.57993
1521,"1338471","DES",0.53124,0.00137,0.53117,0.53228,23.272,0.38,-0.047,0.061,-0.956,1.205,23.255,0.108,0,0,0,0,2,0,1,"DES15S2mxe",41.29164,-1.56491
1100,"1336480","DES",0.25616,0.00116,0.25605,0.25695,21.393,0.192,-0.01,0.037,-0.142,0.303,21.386,0.045,0,0,0,0,2,0,1,"DES15S2mpl",41.72459,-1.16456
1383,"1281886","DES",0.38402,0.00126,0.38394,0.38493,22.265,0.2,-0.044,0.041,1.201,0.42,22.028,0.062,0,0,0,0,2,0,1,"DES15S2og",41.72518,-1.00994
1147,"1292332","DES",0.27276,0.00117,0.27265,0.27358,21.289,0.171,-0.116,0.036,0.333,0.243,20.966,0.041,0,0,0,0,2,0,1,"DES14S2qf",41.14349,-1.28512
910,"1336453","DES",0.18506,0.00111,0.18492,0.18579,20.491,0.157,-0.078,0.028,0.977,0.139,20.187,0.038,0,0,0,0,2,0,1,"DES15S2mpg",40.96975,-1.22928
1111,"1289664","DES",0.25919,0.00511,0.25908,0.26,21.035,0.177,-0.061,0.028,-1.031,0.179,21.062,0.035,0,0,0,0,2,0,1,"DES15S2dye",40.89677,-1.12992
1043,"1319366","DES",0.23494,0.00114,0.23483,0.23572,20.905,0.181,-0.029,0.028,1.386,0.201,20.684,0.035,0,0,0,0,2,0,1,"DES15S2kqw",41.49552,-1.08813
1477,"1316437","DES",0.47204,0.00515,0.47196,0.473,22.784,0.255,0.031,0.045,-0.005,0.606,22.895,0.059,0,0,0,0,2,0,1,"DES14S1rag",42.5626,-0.74498
1347,"1294014","DES",0.3628,0.00124,0.36272,0.36367,21.992,0.208,-0.059,0.042,0.505,0.388,21.796,0.058,0,0,0,0,2,0,1,"DES14S1aot",42.80353,-0.66909
1143,"19002","SDSS",0.27021,0.00106,0.2701,0.271,21.256,0.163,-0.098,0.039,0.347,0.323,20.969,0.048,0,0,0,0,0,0,1,"SDSS-II SN 19002",42.61621,-0.55117
1429,"1258940","DES",0.42602,0.00129,0.42594,0.42694,22.499,0.173,-0.117,0.038,-0.153,0.384,22.234,0.056,0,0,0,0,2,0,1,"DES13S1sty",42.71482,-0.52511
1427,"1312274","DES",0.42459,0.00129,0.42451,0.42551,22.495,0.194,-0.087,0.04,-1.43,0.542,22.484,0.051,0,0,0,0,2,0,1,"DES14S1lfk",42.61098,-0.36172
790,"1334084","DES",0.13366,0.00107,0.13349,0.13431,19.574,0.282,0.071,0.051,-0.905,0.354,20.014,0.085,0,0,0,0,2,0,1,"DES15S2mau",41.734,-0.69061
941,"1316431","DES",0.19828,0.0051,0.19815,0.199,20.635,0.172,-0.092,0.027,1.299,0.131,20.254,0.039,0,0,0,0,2,0,1,"DES14S1rah",42.2394,-0.4084
888,"13254","SDSS",0.18004,9.8E-4,0.1799,0.18075,20.745,0.267,0.1,0.041,0.524,0.589,20.91,0.06,1,1,0,1,0,0,1,"SDSS-II SN 13254",42.05867,-0.34703
1337,"1334423","DES",0.358,0.00124,0.35791,0.35888,22.101,0.214,0.003,0.033,0.868,0.38,22.037,0.046,0,0,0,0,2,0,1,"DES15S1lyi",42.21366,-0.1522
958,"16032","SDSS",0.20331,0.00112,0.20318,0.204,20.675,0.172,-0.103,0.035,-0.741,0.236,20.528,0.048,1,1,0,1,0,0,1,"SDSS-II SN 16032",44.06921,-0.41078
1022,"1315192","DES",0.22726,0.0051,0.22714,0.228,20.844,0.227,0.067,0.035,1.057,0.295,20.877,0.056,0,0,0,0,2,0,1,"DES14S1qid",42.9859,-0.52307
1241,"1263369","DES",0.31262,0.0012,0.31252,0.31343,21.704,0.147,-0.096,0.032,0.172,0.27,21.447,0.046,0,0,0,0,2,0,1,"DES13S1acsq",43.22952,-0.54182
1597,"1343871","DES",0.63794,0.00145,0.63787,0.639,23.611,0.31,-0.197,0.073,1.308,1.082,23.189,0.07,0,0,0,0,2,0,1,"DES15S1oeh",43.50254,-0.37027
898,"17332","SDSS",0.18217,9.9E-4,0.18203,0.18284,20.333,0.199,0.041,0.035,-0.208,0.275,20.451,0.054,0,0,0,0,0,0,1,"SDSS-II SN 17332",43.7725,-0.14769
900,"1250017","DES",0.18231,0.00111,0.18217,0.18299,20.436,0.15,-0.11,0.028,0.961,0.153,20.054,0.043,0,0,0,0,2,0,1,"DES13S1qv",43.19373,-0.12748
1403,"1306390","DES",0.4092,0.00128,0.40911,0.41009,22.488,0.363,0.157,0.067,0.012,0.912,22.851,0.085,0,0,0,0,2,0,1,"DES15S1ebd",43.31636,-0.03006
833,"19353","SDSS",0.15341,9.6E-4,0.15325,0.15406,20.003,0.177,0.041,0.028,0.91,0.21,19.981,0.049,0,0,0,1,0,0,1,"SDSS-II SN 19353",43.11329,0.25172
1261,"1266657","DES",0.32118,0.00512,0.32108,0.322,21.939,0.292,0.053,0.043,0.351,0.715,22.113,0.062,0,0,0,0,0,0,1,"DES13S1agmh",43.27307,0.55748
1118,"1337649","DES",0.26162,0.00116,0.26151,0.26238,21.165,0.224,0.017,0.03,1.049,0.188,21.134,0.05,0,0,0,0,2,0,1,"DES15S1mvv",43.40442,0.51018
1164,"15584","SDSS",0.28344,0.00107,0.28333,0.28422,21.407,0.182,-0.043,0.046,0.382,0.423,21.214,0.057,0,0,0,0,0,0,1,"SDSS-II SN 15584",43.49421,0.98783
1037,"1292336","DES",0.23367,0.00114,0.23356,0.23446,20.933,0.254,0.031,0.034,-0.18,0.235,21.128,0.044,0,0,0,0,2,0,1,"DES14S2qb",40.99883,-0.90612
1052,"20768","SDSS",0.23746,0.00104,0.23735,0.23826,21.484,0.305,0.076,0.06,-0.755,1.131,21.702,0.064,0,1,0,0,0,0,1,"SDSS-II SN 20768",40.62642,-0.97125
1048,"13511","SDSS",0.23664,0.00103,0.23653,0.23744,21.214,0.191,-0.092,0.041,-1.557,0.465,21.208,0.048,0,0,0,0,0,0,1,"SDSS-II SN 13511",40.6113,-0.79424
906,"1296321","DES",0.18458,0.00111,0.18444,0.18531,20.685,0.281,0.072,0.029,0.47,0.201,20.943,0.039,0,0,0,0,2,0,1,"DES14S2bnq",40.91687,-0.76195
1547,"1330903","DES",0.56437,0.0014,0.5643,0.56544,23.235,0.206,-0.057,0.05,-0.092,0.608,23.079,0.057,0,0,0,0,2,0,1,"DES15S2lam",41.11629,-0.64502
1392,"1296273","DES",0.39706,0.00513,0.39698,0.398,22.006,0.166,-0.119,0.028,-0.157,0.25,21.75,0.035,0,0,0,0,2,0,1,"DES14S2boa",41.07981,-0.45036
1135,"1334087","DES",0.2664,0.00117,0.26629,0.26722,21.037,0.264,-0.011,0.048,0.683,0.369,20.907,0.052,0,0,0,0,2,0,1,"DES15S2max",41.00836,-0.46739
1410,"1315296","DES",0.41266,0.00128,0.41258,0.41363,22.536,0.329,0.045,0.047,-0.06,1.051,22.71,0.056,0,0,0,0,2,0,1,"DES14S2pon",40.30158,-0.76438
886,"2372","SDSS",0.17973,9.8E-4,0.17959,0.18047,20.299,0.173,0.029,0.029,0.309,0.215,20.313,0.037,1,1,0,1,0,0,1,"SDSS-II SN 2372",40.52075,-0.54083
1567,"1338387","DES",0.5839,0.00517,0.58382,0.585,23.167,0.198,-0.073,0.043,1.463,0.509,22.869,0.047,0,0,0,0,2,0,1,"DES15S2myz",40.45134,-0.36857
999,"1342255","DES",0.21899,0.00113,0.21886,0.21976,20.777,0.128,-0.104,0.027,0.468,0.256,20.459,0.034,0,0,0,0,2,0,1,"DES15S2ocv",40.74348,-0.26741
1407,"1307277","DES",0.41123,0.00128,0.41114,0.41216,22.409,0.317,0.062,0.058,-0.211,0.815,22.576,0.078,0,0,0,0,2,0,1,"DES15S2eco",41.73881,-0.23555
1442,"1333246","DES",0.43783,0.0013,0.43774,0.43879,22.629,0.356,0.131,0.066,1.746,0.872,22.786,0.103,0,0,0,0,2,0,1,"DES15S2lot",41.38397,-0.06161
1102,"17340","SDSS",0.25637,0.00105,0.25625,0.25717,21.12,0.206,-0.003,0.043,-0.045,0.448,21.067,0.052,0,0,0,0,0,0,1,"SDSS-II SN 17340",41.21333,0.36528
1246,"19632","SDSS",0.31387,0.0011,0.31377,0.31475,21.77,0.213,-0.052,0.053,0.137,0.557,21.568,0.067,1,1,0,1,0,0,1,"SDSS-II SN 19632",40.28658,0.14425
1117,"15440","SDSS",0.26141,0.00105,0.2613,0.26226,21.194,0.206,0.063,0.044,-0.546,0.535,21.331,0.048,1,1,0,1,0,0,1,"SDSS-II SN 15440",39.72058,0.09011
1357,"15704","SDSS",0.36962,0.00114,0.36952,0.37055,22.197,0.243,-0.173,0.057,0.085,0.755,21.814,0.069,0,0,0,0,0,0,1,"SDSS-II SN 15704",40.21221,0.65983
1271,"1308326","DES",0.32632,0.00121,0.32622,0.32717,21.797,0.155,-0.121,0.028,0.41,0.198,21.471,0.039,0,0,0,0,2,0,1,"DES14S1kdq",42.27014,0.58234
926,"2440","SDSS",0.19044,9.9E-4,0.1903,0.19114,20.665,0.152,-0.083,0.03,0.426,0.295,20.402,0.043,1,1,0,1,0,0,1,"SDSS-II SN 2440",42.6339,0.80734
917,"12927","SDSS",0.18906,9.9E-4,0.18892,0.18978,20.185,0.147,-0.034,0.033,0.095,0.353,20.077,0.052,1,1,0,1,0,0,1,"SDSS-II SN 12927",41.78612,0.77514
813,"17497","SDSS",0.14404,9.5E-4,0.14388,0.14479,19.823,0.168,0.039,0.023,0.907,0.125,19.797,0.032,1,1,0,1,0,0,1,"SDSS-II SN 17497",37.1365,-1.04281
964,"15872","SDSS",0.20562,0.00101,0.20549,0.20646,20.56,0.173,-0.071,0.036,0.761,0.309,20.302,0.046,1,1,0,1,0,0,1,"SDSS-II SN 15872",36.7224,-0.32784
1087,"15868","SDSS",0.24986,0.00104,0.24974,0.25072,21.139,0.161,-0.151,0.038,0.325,0.268,20.757,0.042,1,1,0,1,0,0,1,"SDSS-II SN 15868",38.10042,-0.71408
853,"19616","SDSS",0.16471,9.7E-4,0.16455,0.16549,20.076,0.137,-0.025,0.027,0.139,0.195,19.987,0.036,0,0,0,0,0,0,1,"SDSS-II SN 19616",37.09958,0.18583
285,"2010A","CfA4p2",0.02081,8.5E-4,0.02079,0.02159,15.233,0.329,0.104,0.033,0.48,0.128,15.58,0.04,0,0,0,1,2,0,1,"SN 2010A",38.16441,0.61942
873,"15583","SDSS",0.17443,0.0011,0.17427,0.1752,20.302,0.229,0.037,0.031,-0.195,0.241,20.488,0.037,1,1,0,1,0,0,1,"SDSS-II SN 15583",37.7311,0.94628
1083,"19990","SDSS",0.24896,0.00104,0.24883,0.24988,21.174,0.179,-0.091,0.046,-1.311,0.334,21.128,0.051,1,1,0,1,0,0,1,"SDSS-II SN 19990",34.806,-0.38456
1157,"5957","SDSS",0.27935,0.00107,0.27924,0.28031,21.451,0.162,-0.121,0.042,-0.168,0.441,21.194,0.048,1,1,0,1,0,0,1,"SDSS-II SN 5957",34.76054,-0.27278
1248,"15383","SDSS",0.31506,0.0011,0.31495,0.31606,21.766,0.226,-0.034,0.05,0.14,0.74,21.597,0.058,1,1,0,1,0,0,1,"SDSS-II SN 15383",34.14971,-0.15528
1074,"15219","SDSS",0.2465,0.00104,0.24637,0.24742,21.125,0.169,-0.153,0.036,-0.145,0.386,20.803,0.04,1,1,0,1,0,0,1,"SDSS-II SN 15219",34.61082,0.22603
826,"2308","SDSS",0.1494,0.00509,0.14923,0.1502,19.857,0.173,-0.186,0.022,0.674,0.125,19.344,0.031,1,1,0,1,0,0,1,"SDSS-II SN 2308",34.2734,0.2808
1207,"14735","SDSS",0.29947,0.00108,0.29936,0.30044,21.481,0.184,0.035,0.045,0.009,0.434,21.46,0.051,1,1,0,1,0,0,1,"SDSS-II SN 14735",35.15804,0.34839
1218,"19818","SDSS",0.30406,0.00109,0.30395,0.30503,21.452,0.181,-0.029,0.046,1.136,0.565,21.242,0.061,1,1,0,1,0,0,1,"SDSS-II SN 19818",35.2665,0.49653
1082,"15161","SDSS",0.24865,0.00104,0.24853,0.24956,21.073,0.176,-0.051,0.042,-0.243,0.321,20.951,0.047,1,1,0,1,0,0,1,"SDSS-II SN 15161",35.84258,0.81903
1106,"8046","SDSS",0.25772,0.00105,0.2576,0.25857,21.356,0.224,0.042,0.047,0.262,0.492,21.366,0.052,1,1,0,1,0,0,1,"SDSS-II SN 8046",39.11683,0.51128
839,"13354","SDSS",0.15671,9.6E-4,0.15654,0.15763,19.956,0.209,0.091,0.027,1.05,0.166,20.052,0.036,1,1,0,1,0,0,1,"SDSS-II SN 13354",27.5647,-0.88669
722,"17186","SDSS",0.07875,9.0E-4,0.07849,0.07944,18.762,0.238,0.116,0.025,0.629,0.148,18.997,0.038,0,0,0,0,0,0,1,"SDSS-II SN 17186",31.6137,-0.89932
723,"2007hx","CSP",0.07875,9.0E-4,0.07849,0.07944,18.841,0.178,0.091,0.025,0.484,0.14,18.958,0.029,0,0,0,0,0,0,0,"SN 2007hx",31.6137,-0.89932
795,"17629","SDSS",0.13658,9.5E-4,0.1364,0.13742,19.595,0.194,0.061,0.027,-0.346,0.148,19.809,0.037,1,1,0,1,0,0,1,"SDSS-II SN 17629",30.63642,-1.08917
918,"16100","SDSS",0.18908,0.00111,0.18893,0.19,20.556,0.255,0.065,0.039,-0.35,0.369,20.819,0.05,1,1,0,1,0,0,1,"SDSS-II SN 16100",30.43629,-1.03242
920,"18787","SDSS",0.18929,9.9E-4,0.18915,0.19023,20.888,0.199,0.044,0.033,0.184,0.449,20.952,0.039,0,0,0,0,0,0,1,"SDSS-II SN 18787",29.72833,-1.02694
871,"16165","SDSS",0.1742,0.0011,0.17405,0.1751,20.079,0.152,-0.072,0.024,0.352,0.235,19.881,0.032,1,1,0,1,0,0,1,"SDSS-II SN 16165",30.73312,-0.53386
1154,"4000","SDSS",0.27668,0.00107,0.27656,0.2777,21.597,0.271,-0.007,0.062,-1.091,0.61,21.64,0.069,1,1,0,1,0,0,1,"SDSS-II SN 4000",31.016,-0.36581
1311,"2533","SDSS",0.34111,0.00512,0.34101,0.3422,21.811,0.254,-0.08,0.053,1.776,0.72,21.514,0.071,1,1,0,1,0,0,1,"SDSS-II SN 2533",31.22075,-0.32644
960,"15901","SDSS",0.20382,0.00102,0.20368,0.20474,20.651,0.169,-0.055,0.034,0.06,0.262,20.52,0.042,1,1,0,1,0,0,1,"SDSS-II SN 15901",31.97629,-0.53533
980,"7847","SDSS",0.21174,0.00101,0.2116,0.21266,20.715,0.229,0.123,0.036,0.154,0.399,20.954,0.042,1,1,0,1,0,0,1,"SDSS-II SN 7847",32.45958,-0.06167
874,"19969","SDSS",0.17444,9.8E-4,0.17428,0.17532,20.232,0.16,0.018,0.027,0.064,0.253,20.258,0.035,1,1,0,1,0,0,1,"SDSS-II SN 19969",31.90988,-0.32396
975,"19149","SDSS",0.21037,0.00101,0.21023,0.21131,20.201,0.184,0.01,0.031,1.049,0.198,20.134,0.037,1,1,0,0,0,0,1,"SDSS-II SN 19149",31.4604,-0.33257
621,"2005hc","CfA3K",0.04575,8.7E-4,0.04496,0.04592,17.21,0.171,-0.027,0.028,0.425,0.115,17.123,0.034,1,1,1,0,2,0,0,"SN 2005hc",29.1999,-0.21351
622,"2005hc","CSP",0.04575,8.7E-4,0.04496,0.04592,17.261,0.15,-0.058,0.022,0.793,0.038,17.034,0.027,1,1,1,0,2,0,0,"SN 2005hc",29.1999,-0.21351
870,"14421","SDSS",0.17417,9.8E-4,0.174,0.17504,20.32,0.134,-0.093,0.026,-0.675,0.189,20.2,0.032,1,1,0,1,0,0,1,"SDSS-II SN 14421",31.82958,1.25194
784,"22075","SDSS",0.1292,9.4E-4,0.129,0.13003,19.502,0.149,-0.031,0.03,-1.672,0.35,19.676,0.036,1,1,0,1,0,0,1,"SDSS-II SN 22075",29.96333,1.21639
993,"20364","SDSS",0.21742,0.00102,0.21729,0.21846,20.887,0.268,0.03,0.042,0.543,0.889,20.856,0.047,1,1,0,1,0,0,1,"SDSS-II SN 20364",25.75658,-0.94519
1065,"13506","SDSS",0.24354,0.00104,0.24341,0.24462,21.285,0.305,0.14,0.047,-0.152,0.66,21.552,0.059,1,1,0,1,0,0,1,"SDSS-II SN 13506",25.24371,-0.72844
846,"2689","SDSS",0.16053,9.7E-4,0.16036,0.16149,19.953,0.215,0.081,0.029,1.387,0.198,20.003,0.039,0,0,0,1,0,0,1,"SDSS-II SN 2689",24.9,-0.75778
938,"18804","SDSS",0.19741,0.001,0.19726,0.19843,20.44,0.128,-0.058,0.025,0.922,0.199,20.169,0.032,1,1,0,1,0,0,1,"SDSS-II SN 18804",25.266,-0.44827
791,"15508","SDSS",0.13372,9.5E-4,0.13353,0.13461,19.59,0.155,-0.059,0.022,0.884,0.106,19.354,0.03,0,0,0,0,0,0,1,"SDSS-II SN 15508",27.1695,-0.57575
731,"12898","SDSS",0.08282,9.0E-4,0.08255,0.08358,18.424,0.264,0.068,0.021,-0.064,0.086,18.776,0.031,1,1,1,1,0,0,1,"SDSS-II SN 12898",26.79292,-0.14667
942,"13370","SDSS",0.19861,0.00112,0.19846,0.1996,21.072,0.237,-0.068,0.048,0.989,0.753,20.793,0.077,0,1,0,0,0,0,1,"SDSS-II SN 13370",27.15154,0.32822
1060,"17223","SDSS",0.24164,0.00115,0.24151,0.2427,20.919,0.26,-0.081,0.043,1.054,0.694,20.614,0.052,1,1,0,1,0,0,1,"SDSS-II SN 17223",26.36137,-0.01942
854,"20764","SDSS",0.16495,9.7E-4,0.16478,0.1659,20.065,0.148,-0.108,0.03,-1.413,0.401,20.021,0.036,1,1,0,1,0,0,1,"SDSS-II SN 20764",26.12042,0.22972
845,"3317","SDSS",0.16008,9.7E-4,0.15991,0.16101,19.976,0.166,0.023,0.026,-0.521,0.185,20.103,0.036,1,1,0,1,0,0,1,"SDSS-II SN 3317",26.9627,0.6405
1243,"20142","SDSS",0.3127,0.0012,0.31259,0.3139,21.371,0.204,-0.088,0.04,1.276,0.651,21.053,0.047,1,1,0,1,0,0,1,"SDSS-II SN 20142",23.00821,-0.42972
1358,"18091","SDSS",0.36987,0.00114,0.36977,0.37114,21.966,0.254,-0.189,0.065,-0.624,0.694,21.628,0.087,1,1,0,1,0,0,1,"SDSS-II SN 18091",23.36792,0.52461
923,"6304","SDSS",0.18995,9.9E-4,0.18979,0.19094,20.476,0.223,0.07,0.029,-0.478,0.391,20.696,0.035,0,0,0,0,0,0,1,"SDSS-II SN 6304",26.4989,1.19573
851,"19174","SDSS",0.16375,0.00109,0.16357,0.1647,20.028,0.199,0.056,0.032,-0.753,0.217,20.269,0.041,1,2,0,1,0,0,1,"SDSS-II SN 19174",25.65958,1.03028
673,"2006ob","CSP",0.05824,8.8E-4,0.0576,0.0586,17.729,0.135,-0.044,0.026,-2.161,0.103,17.939,0.028,1,1,1,0,2,0,0,"SN 2006ob",27.95055,0.26346
674,"2006ob","CfA3K",0.05824,8.8E-4,0.0576,0.0586,17.679,0.144,-0.022,0.031,-2.383,0.152,17.969,0.036,1,1,1,0,2,0,0,"SN 2006ob",27.95055,0.26346
1027,"21033","SDSS",0.2302,0.0051,0.23006,0.2312,20.875,0.226,-0.086,0.041,-0.73,0.555,20.752,0.042,1,1,0,1,0,0,1,"SDSS-II SN 21033",28.81367,0.64311
1053,"17884","SDSS",0.23789,0.00103,0.23776,0.23893,20.979,0.17,-0.124,0.037,0.701,0.285,20.6,0.042,1,1,0,1,0,0,1,"SDSS-II SN 17884",27.59929,1.17236
753,"21034","SDSS",0.10774,9.2E-4,0.10751,0.10855,19.245,0.178,0.036,0.024,0.064,0.295,19.34,0.032,1,1,0,1,0,0,1,"SDSS-II SN 21034",28.14208,1.24389
1249,"6649","SDSS",0.3152,0.00512,0.31509,0.3162,21.631,0.218,-0.089,0.045,0.755,0.623,21.338,0.047,1,1,0,1,0,0,1,"SDSS-II SN 6649",34.27587,0.53481
907,"15421","SDSS",0.18459,9.9E-4,0.18443,0.18545,20.536,0.14,-0.044,0.026,0.21,0.265,20.388,0.034,1,1,0,1,0,0,1,"SDSS-II SN 15421",33.7413,0.60272
675,"SN2016gmb","FOUND",0.0583,8.9E-4,0.05708,0.05827,17.702,0.181,-0.099,0.044,1.129,0.287,17.327,0.07,0,0,0,0,0,0,1,"SN2016gmb",8.68612,-6.15953
867,"15897","SDSS",0.17374,9.8E-4,0.17357,0.17489,20.287,0.181,0.009,0.037,-2.413,0.255,20.632,0.043,1,1,0,1,0,0,1,"SDSS-II SN 15897",11.68125,-1.0325
1286,"4241","SDSS",0.33063,0.00122,0.33052,0.332,21.916,0.23,-0.054,0.056,0.235,0.669,21.702,0.064,1,1,0,1,0,0,1,"SDSS-II SN 4241",12.23771,-0.90578
1123,"18945","SDSS",0.262,0.00117,0.26187,0.2633,21.469,0.215,-0.037,0.042,0.187,0.505,21.34,0.047,1,1,0,1,0,0,1,"SDSS-II SN 18945",10.07837,-1.03736
749,"18697","SDSS",0.10661,9.2E-4,0.10638,0.10762,19.008,0.194,-0.002,0.021,0.735,0.121,18.968,0.028,1,1,0,1,0,0,1,"SDSS-II SN 18697",11.22417,-0.99667
1370,"16232","SDSS",0.37436,0.00115,0.37426,0.37573,22.219,0.233,-0.12,0.072,-0.022,0.884,21.901,0.088,1,1,0,1,0,0,1,"SDSS-II SN 16232",17.205,-0.98947
866,"3080","SDSS",0.17331,9.8E-4,0.17315,0.17441,20.134,0.129,-0.046,0.024,0.109,0.193,19.999,0.037,1,1,0,1,0,0,1,"SDSS-II SN 3080",16.93233,-1.0395
852,"3087","SDSS",0.16448,9.7E-4,0.16431,0.16551,20.01,0.197,0.008,0.025,0.529,0.193,20.017,0.038,1,1,0,1,0,0,1,"SDSS-II SN 3087",20.4066,-0.97722
991,"17435","SDSS",0.21689,0.00113,0.21674,0.218,20.814,0.188,-0.108,0.035,0.914,0.26,20.455,0.04,1,1,0,1,0,0,1,"SDSS-II SN 17435",20.34458,-0.01481
1124,"13956","SDSS",0.26303,0.00511,0.2629,0.2642,22.011,0.514,0.09,0.083,-1.2,1.29,22.271,0.093,0,1,0,0,0,0,1,"SDSS-II SN 13956",20.9415,0.81625
1091,"5717","SDSS",0.25051,0.00116,0.25037,0.2517,21.316,0.187,-0.043,0.039,1.281,0.435,21.081,0.046,1,1,0,1,0,0,1,"SDSS-II SN 5717",17.89592,-0.00583
1178,"2165","SDSS",0.28894,0.00511,0.28882,0.2902,21.69,0.224,-0.123,0.044,0.485,0.579,21.351,0.052,1,1,0,1,0,0,1,"SDSS-II SN 2165",17.09175,-0.09631
1136,"18463","SDSS",0.267,0.00106,0.26687,0.26822,21.293,0.203,-0.042,0.047,0.944,0.418,21.065,0.054,1,1,0,1,0,0,1,"SDSS-II SN 18463",17.56642,0.472
618,"2006hx","CSP",0.04487,8.7E-4,0.04429,0.04539,17.204,0.16,0.012,0.024,-0.134,0.074,17.242,0.029,1,1,1,0,0,0,0,"SN 2006hx",18.48879,0.37167
927,"16276","SDSS",0.19413,0.0051,0.19397,0.1952,20.545,0.217,-0.03,0.033,0.004,0.577,20.488,0.039,1,1,0,1,0,0,1,"SDSS-II SN 16276",20.5785,1.01035
1032,"17875","SDSS",0.23125,0.00103,0.23111,0.23237,21.064,0.188,-0.057,0.039,1.164,0.318,20.775,0.043,1,1,0,1,0,0,1,"SDSS-II SN 17875",20.98337,1.255
734,"3592","SDSS",0.08572,9.1E-4,0.08544,0.08658,18.588,0.126,-0.04,0.021,-0.154,0.071,18.517,0.03,1,1,0,1,0,0,1,"SDSS-II SN 3592",19.0525,0.79192
715,"7876","SDSS",0.0752,9.0E-4,0.0749,0.07602,18.223,0.178,-0.025,0.021,0.469,0.093,18.152,0.031,1,1,1,1,0,0,1,"SDSS-II SN 7876",19.1823,0.79454
716,"2005ir","CSP",0.0752,9.0E-4,0.0749,0.07602,18.313,0.153,-0.026,0.024,0.722,0.128,18.159,0.026,1,1,1,1,0,0,0,"SN 2005ir",19.1823,0.79454
617,"2006gt","CSP",0.04464,8.7E-4,0.04366,0.0448,17.258,0.285,0.09,0.024,-2.072,0.073,17.918,0.03,0,0,1,0,0,0,1,"SN 2006gt",14.07208,-1.62944
610,"2007nq","CSP",0.04349,8.7E-4,0.04275,0.04389,16.961,0.15,-0.048,0.023,-1.898,0.049,17.128,0.029,0,0,1,1,2,0,1,"SN 2007nq",14.38999,-1.38874
611,"2007nq","CfA4p1",0.04349,8.7E-4,0.04275,0.04389,17.035,0.164,-0.076,0.034,-1.74,0.172,17.12,0.052,0,0,1,1,2,0,1,"SN 2007nq",14.38999,-1.38874
772,"16021","SDSS",0.12357,9.4E-4,0.12336,0.1246,19.363,0.16,-0.037,0.024,-0.336,0.128,19.366,0.032,1,1,0,1,0,0,1,"SDSS-II SN 16021",13.8438,-0.38921
924,"762","SDSS",0.19025,9.9E-4,0.19009,0.19138,20.628,0.156,-0.038,0.031,1.134,0.273,20.379,0.039,1,1,0,1,0,0,1,"SDSS-II SN 762",15.53537,-0.87903
1129,"12983","SDSS",0.26408,0.00105,0.26395,0.26531,21.381,0.38,-0.015,0.062,-0.043,1.028,21.3,0.07,0,1,0,0,0,0,1,"SDSS-II SN 12983",16.45879,0.14481
957,"15203","SDSS",0.20329,0.00101,0.20314,0.20444,20.629,0.165,0.003,0.032,1.124,0.276,20.48,0.04,1,1,0,1,0,0,1,"SDSS-II SN 15203",15.73479,0.18303
1045,"19341","SDSS",0.23556,0.00103,0.23543,0.23676,20.981,0.212,0.024,0.044,-1.526,0.379,21.192,0.051,1,1,0,1,0,0,1,"SDSS-II SN 19341",15.86083,0.33139
1229,"5966","SDSS",0.30834,0.00109,0.30822,0.30963,21.7,0.253,0.002,0.059,0.491,0.888,21.573,0.078,0,1,0,0,0,0,1,"SDSS-II SN 5966",16.19037,0.51392
1001,"15433","SDSS",0.2195,0.00102,0.21935,0.22068,20.857,0.158,-0.064,0.035,-0.028,0.271,20.689,0.039,1,1,0,1,0,0,1,"SDSS-II SN 15433",14.87942,-0.25672
981,"17811","SDSS",0.212,0.00113,0.21186,0.2132,20.661,0.193,-0.131,0.033,1.081,0.301,20.239,0.042,1,1,0,1,0,0,1,"SDSS-II SN 17811",12.87867,-0.94739
1075,"12977","SDSS",0.24656,0.00104,0.24643,0.2478,21.03,0.213,-0.049,0.039,0.052,0.505,20.893,0.04,1,1,0,1,0,0,1,"SDSS-II SN 12977",13.69558,-0.25103
1064,"20088","SDSS",0.24329,0.00104,0.24316,0.24453,20.999,0.141,-0.159,0.032,-0.211,0.212,20.673,0.033,1,1,0,1,0,0,1,"SDSS-II SN 20088",13.205,0.63139
921,"18749","SDSS",0.18948,9.9E-4,0.18931,0.19064,20.488,0.207,0.062,0.033,-1.409,0.395,20.819,0.037,0,0,0,0,0,0,1,"SDSS-II SN 18749",12.54625,0.67556
758,"18612","SDSS",0.11388,9.3E-4,0.11365,0.11489,19.135,0.193,0.064,0.022,-0.737,0.132,19.426,0.03,1,1,0,1,0,0,1,"SDSS-II SN 18612",12.28792,0.59639
961,"18965","SDSS",0.20469,0.001,0.20454,0.20587,20.628,0.158,-0.108,0.035,-0.612,0.23,20.463,0.04,1,1,0,1,0,0,1,"SDSS-II SN 18965",13.50917,1.06889
793,"15234","SDSS",0.13535,9.5E-4,0.13514,0.13636,19.825,0.312,0.13,0.028,0.892,0.207,20.213,0.036,1,1,0,1,0,0,1,"SDSS-II SN 15234",16.9581,0.82858
832,"18740","SDSS",0.15336,9.6E-4,0.15317,0.15441,19.846,0.158,0.03,0.022,-0.04,0.127,19.925,0.03,0,0,0,1,0,0,1,"SDSS-II SN 18740",16.85667,1.04361
1130,"2943","SDSS",0.26419,0.00117,0.26405,0.2654,21.254,0.237,-0.024,0.047,0.569,0.436,21.12,0.048,1,1,0,1,0,0,1,"SDSS-II SN 2943",17.70492,1.00789
945,"18768","SDSS",0.19908,0.0051,0.19892,0.2002,20.769,0.216,-0.034,0.04,-0.396,0.301,20.744,0.05,1,1,0,1,0,0,1,"SDSS-II SN 18768",17.21675,1.19789
925,"20687","SDSS",0.19042,9.9E-4,0.19026,0.19154,20.436,0.294,0.149,0.047,-0.622,0.767,20.858,0.05,1,1,0,1,0,0,1,"SDSS-II SN 20687",16.71783,1.15394
1173,"17809","SDSS",0.28758,0.00107,0.28746,0.28896,21.285,0.237,0.026,0.048,1.735,0.578,21.196,0.067,1,1,0,1,0,0,1,"SDSS-II SN 17809",6.36496,-0.83933
732,"12781","SDSS",0.08309,9.2E-4,0.08282,0.08408,18.741,0.193,0.042,0.027,-1.836,0.189,19.142,0.04,0,0,0,1,0,0,1,"SDSS-II SN 12781",5.4075,-1.01056
750,"20625","SDSS",0.10707,9.2E-4,0.10684,0.10813,19.209,0.149,-0.001,0.024,-0.102,0.206,19.23,0.032,1,1,0,1,0,0,1,"SDSS-II SN 20625",5.68317,-0.47944
834,"16073","SDSS",0.15357,9.6E-4,0.15339,0.15472,20.111,0.173,-0.022,0.024,0.737,0.191,19.994,0.03,1,1,0,1,0,0,1,"SDSS-II SN 16073",8.10766,-1.0539
759,"8719","SDSS",0.1165,9.3E-4,0.11628,0.11757,19.288,0.158,-0.063,0.023,0.018,0.164,19.169,0.033,1,1,0,1,0,0,1,"SDSS-II SN 8719",7.72147,-0.71882
879,"17220","SDSS",0.17786,9.8E-4,0.17769,0.17903,20.086,0.256,0.136,0.031,1.852,0.289,20.295,0.039,1,1,0,1,0,0,1,"SDSS-II SN 17220",9.70125,-0.17917
1049,"12881","SDSS",0.23685,0.00103,0.23671,0.23811,20.866,0.235,0.029,0.039,0.87,0.54,20.848,0.049,1,1,0,1,0,0,1,"SDSS-II SN 12881",10.16242,-0.07361
978,"18940","SDSS",0.21114,0.00101,0.21099,0.21236,20.702,0.161,-0.031,0.038,-0.841,0.261,20.724,0.043,1,1,0,1,0,0,1,"SDSS-II SN 18940",10.34871,0.41178
944,"19658","SDSS",0.19878,0.00112,0.19863,0.2,20.636,0.172,-0.084,0.036,0.008,0.265,20.451,0.042,1,1,0,1,0,0,1,"SDSS-II SN 19658",8.90323,-0.2326
1093,"16213","SDSS",0.2509,0.00511,0.25077,0.2522,21.134,0.201,-0.099,0.039,0.282,0.443,20.87,0.041,1,1,0,1,0,0,1,"SDSS-II SN 16213",8.97104,0.25842
1105,"18325","SDSS",0.25736,0.00105,0.25723,0.25866,21.241,0.192,-0.058,0.045,0.406,0.381,21.022,0.054,0,0,0,0,0,0,1,"SDSS-II SN 18325",8.90695,0.36953
1071,"20039","SDSS",0.24553,0.00104,0.24539,0.24681,21.105,0.218,0.063,0.044,0.792,0.497,21.121,0.047,1,1,0,1,0,0,1,"SDSS-II SN 20039",9.87858,1.02433
1113,"12972","SDSS",0.25948,0.00116,0.25935,0.2608,21.271,0.232,-0.081,0.049,0.175,0.703,21.052,0.065,1,1,0,1,0,0,1,"SDSS-II SN 12972",7.95858,-0.38297
1004,"14331","SDSS",0.2199,0.00102,0.21976,0.22116,20.986,0.219,0.006,0.04,0.183,0.306,20.992,0.044,1,1,0,1,0,0,1,"SDSS-II SN 14331",7.88908,-0.13553
949,"19101","SDSS",0.20077,0.00112,0.20062,0.202,20.431,0.193,0.006,0.033,-0.229,0.214,20.503,0.04,1,1,0,1,0,0,1,"SDSS-II SN 19101",7.97275,0.13831
1012,"14846","SDSS",0.22349,0.00102,0.22335,0.22476,20.898,0.165,-0.044,0.036,0.658,0.295,20.684,0.041,1,1,0,1,0,0,1,"SDSS-II SN 14846",7.6625,0.14194
1040,"12971","SDSS",0.23395,0.00103,0.23381,0.23524,20.886,0.212,-0.091,0.036,1.142,0.592,20.532,0.04,1,1,0,1,0,0,1,"SDSS-II SN 12971",6.6485,-0.30208
1073,"13835","SDSS",0.24617,0.00104,0.24604,0.24749,21.094,0.147,-0.078,0.035,0.633,0.253,20.816,0.037,0,0,0,0,0,0,1,"SDSS-II SN 13835",6.05937,-0.24925
1362,"13136","SDSS",0.37057,0.00114,0.37046,0.37206,22.387,0.255,-0.105,0.061,0.729,0.913,22.045,0.075,1,1,0,1,0,0,1,"SDSS-II SN 13136",6.14067,-0.27908
1007,"15354","SDSS",0.22083,0.00113,0.22069,0.2221,20.827,0.265,0.091,0.049,-2.153,0.507,21.266,0.052,1,1,0,1,0,0,1,"SDSS-II SN 15354",6.77367,-0.12597
1098,"17464","SDSS",0.25358,0.00116,0.25345,0.2549,20.777,0.261,0.047,0.042,0.206,0.623,20.839,0.043,1,1,0,1,0,0,1,"SDSS-II SN 17464",6.64079,0.04197
840,"16206","SDSS",0.15856,9.7E-4,0.15838,0.15973,19.826,0.161,-0.02,0.032,-2.62,0.578,20.141,0.038,1,1,0,1,0,0,1,"SDSS-II SN 16206",5.78792,-0.05333
953,"13152","SDSS",0.20231,0.001,0.20216,0.20355,20.365,0.196,0.016,0.03,0.287,0.252,20.407,0.035,1,1,0,1,0,0,1,"SDSS-II SN 13152",7.05214,0.11799
1167,"16072","SDSS",0.28446,0.00107,0.28434,0.28586,21.439,0.205,-0.029,0.055,0.253,0.655,21.285,0.071,1,1,0,1,0,0,1,"SDSS-II SN 16072",3.12442,-0.97728
1195,"6249","SDSS",0.29365,0.00108,0.29354,0.29506,21.604,0.203,0.032,0.048,0.605,0.702,21.535,0.051,1,1,0,1,0,0,1,"SDSS-II SN 6249",3.26554,-0.62011
746,"13135","SDSS",0.10361,9.2E-4,0.10338,0.10467,19.081,0.123,-0.067,0.022,-1.347,0.101,19.12,0.03,1,1,0,0,0,0,1,"SDSS-II SN 13135",4.17229,-0.42453
992,"7473","SDSS",0.21692,0.0051,0.21677,0.2182,20.84,0.183,-0.1,0.033,-0.148,0.287,20.631,0.037,1,1,0,1,0,0,1,"SDSS-II SN 7473",4.32642,-0.25725
837,"18030","SDSS",0.15536,9.6E-4,0.15518,0.15653,20.146,0.174,-0.048,0.034,-0.586,0.251,20.137,0.05,1,1,0,1,0,0,1,"SDSS-II SN 18030",4.93321,-0.4001
1265,"7475","SDSS",0.32276,0.00512,0.32265,0.3242,21.679,0.21,-0.17,0.041,0.688,0.599,21.279,0.044,1,1,0,1,0,0,1,"SDSS-II SN 7475",4.7535,-0.28147
835,"5550","SDSS",0.15511,9.6E-4,0.15493,0.15629,19.955,0.166,-0.048,0.022,1.903,0.196,19.613,0.029,1,1,0,1,0,0,1,"SDSS-II SN 5550",3.59834,0.33308
765,"5549","SDSS",0.12014,9.3E-4,0.11992,0.12124,19.343,0.198,0.007,0.022,0.258,0.098,19.401,0.032,1,1,0,1,0,0,1,"SDSS-II SN 5549",3.25054,0.24825
1090,"13689","SDSS",0.25043,0.00104,0.2503,0.25177,21.162,0.178,-0.149,0.038,1.169,0.389,20.709,0.043,0,0,0,0,0,0,1,"SDSS-II SN 13689",4.01525,0.80836
773,"13894","SDSS",0.12377,0.00106,0.12356,0.1249,19.548,0.332,0.164,0.029,0.719,0.168,20.088,0.048,1,1,0,1,0,0,1,"SDSS-II SN 13894",1.69059,-0.03675
1107,"6108","SDSS",0.25813,0.00116,0.258,0.2595,21.275,0.23,0.038,0.045,0.458,0.651,21.295,0.055,1,1,0,1,0,0,1,"SDSS-II SN 6108",1.80658,0.34897
1133,"2422","SDSS",0.26582,0.00511,0.2657,0.2672,21.356,0.218,-0.17,0.041,1.036,0.328,20.903,0.044,1,1,0,1,0,0,1,"SDSS-II SN 2422",1.99454,0.63817
807,"17208","SDSS",0.14104,0.00509,0.14084,0.1422,20.031,0.202,-0.072,0.03,0.865,0.389,19.731,0.053,1,1,0,1,0,0,1,"SDSS-II SN 17208",1.49158,1.10308
1061,"14481","SDSS",0.2422,0.00104,0.24207,0.24354,21.311,0.22,-0.154,0.051,-1.041,0.397,21.121,0.062,1,1,0,1,0,0,1,"SDSS-II SN 14481",2.68125,0.20167
830,"18323","SDSS",0.15291,9.6E-4,0.15272,0.15408,20.071,0.171,-0.038,0.029,0.156,0.228,19.99,0.042,1,1,0,1,0,0,1,"SDSS-II SN 18323",3.42864,0.65233
940,"15222","SDSS",0.19817,0.001,0.19801,0.19943,20.503,0.181,0.013,0.035,-1.319,0.288,20.697,0.04,0,0,0,0,0,0,1,"SDSS-II SN 15222",2.85208,0.70197
1019,"15229","SDSS",0.22551,0.00114,0.22536,0.2268,20.933,0.196,-0.034,0.038,0.715,0.293,20.771,0.04,1,1,0,1,0,0,1,"SDSS-II SN 15229",4.832,1.09072
786,"5751","SDSS",0.1295,9.4E-4,0.12929,0.13056,19.58,0.249,0.156,0.025,0.762,0.146,19.892,0.032,1,1,0,1,0,0,1,"SDSS-II SN 5751",11.63417,0.83806
985,"6933","SDSS",0.21398,0.0051,0.21383,0.2152,20.634,0.196,-0.022,0.033,0.085,0.239,20.574,0.036,1,1,0,1,0,0,1,"SDSS-II SN 6933",11.35171,1.07558
726,"PS15bzz","FOUND",0.07931,9.0E-4,0.07901,0.08024,18.277,0.145,-0.017,0.033,-0.915,0.237,18.357,0.044,0,0,0,0,0,1,1,"PS15bzz",9.42473,1.76282
106,"1998es","CfA2",0.00966,8.6E-4,0.00957,0.01057,13.55,0.357,0.039,0.026,1.234,0.068,13.575,0.034,0,0,0,0,0,0,1,"SN 1998es",24.32333,5.88072
107,"1998es","LOSS1",0.00966,8.6E-4,0.00957,0.01057,13.664,0.372,0.033,0.041,1.627,0.114,13.596,0.04,0,0,0,0,0,0,1,"SN 1998es",24.32333,5.88072
336,"PS15cku","FOUND",0.02325,8.6E-4,0.02222,0.02327,15.801,0.228,-0.011,0.034,0.756,0.14,15.733,0.041,0,0,0,0,0,1,1,"PS15cku",21.0939,3.5876
516,"2008gl","CfA4p1",0.03272,8.8E-4,0.03246,0.03354,16.411,0.154,-0.045,0.028,-1.487,0.099,16.528,0.034,0,0,1,1,2,0,1,"SN 2008gl",20.22842,4.80531
517,"2008gl","LOSS2",0.03272,8.8E-4,0.03246,0.03354,16.384,0.168,0.003,0.025,-1.258,0.172,16.582,0.03,0,0,1,1,2,0,1,"SN 2008gl",20.22842,4.80531
518,"2008gl","CSP",0.03272,8.8E-4,0.03246,0.03354,16.39,0.146,-0.028,0.022,-1.379,0.035,16.532,0.026,0,0,1,1,2,0,1,"SN 2008gl",20.22842,4.80531
71,"2008Q","LOSS1",0.0075,8.4E-4,0.00722,0.00826,13.078,0.373,-0.056,0.03,-1.856,0.316,13.229,0.056,0,0,0,0,0,0,1,"SN 2008Q",21.23846,9.55042
72,"2008Q","SOUSA",0.0075,8.4E-4,0.00722,0.00826,13.047,0.396,-0.021,0.046,-1.664,0.164,13.253,0.06,0,0,0,0,0,0,1,"SN 2008Q",21.23846,9.55042
159,"1999dk","LOWZ",0.01389,8.5E-4,0.014,0.01502,14.552,0.288,0.019,0.027,0.544,0.11,14.61,0.042,1,0,0,0,0,0,1,"SN 1999dk",22.86217,14.28492
160,"1999dk","LOSS1",0.01389,8.5E-4,0.014,0.01502,14.412,0.295,-0.003,0.041,-0.329,0.069,14.526,0.043,1,0,0,0,0,0,1,"SN 1999dk",22.86217,14.28492
582,"2008fr","CfA4p1",0.03828,0.00218,0.0379,0.039,16.861,0.235,-0.118,0.029,0.498,0.113,16.529,0.042,0,0,1,1,2,0,1,"SN 2008fr",17.95475,14.64083
639,"1995ac","CfA1",0.0486,8.7E-4,0.04867,0.0499,17.077,0.133,-0.061,0.028,0.756,0.088,16.809,0.037,1,0,0,0,0,0,1,"SN 1995ac",341.39225,-8.75131
660,"PS16evk","FOUND",0.05262,8.8E-4,0.0532,0.05447,17.661,0.206,-0.03,0.043,1.537,0.342,17.402,0.066,0,0,0,0,0,0,1,"PS16evk",338.34442,-1.35703
736,"1241","SDSS",0.0887,9.1E-4,0.08848,0.08979,18.524,0.252,0.055,0.024,-0.552,0.079,18.884,0.043,0,0,0,1,0,0,1,"SDSS-II SN 1241",337.671,-0.77624
1158,"6196","SDSS",0.2799,0.00107,0.2798,0.28134,21.253,0.197,-0.011,0.047,-1.449,0.593,21.319,0.057,1,1,0,1,0,0,1,"SDSS-II SN 6196",337.63112,-0.50264
1096,"9032","SDSS",0.2526,0.00116,0.25249,0.254,21.154,0.258,0.023,0.053,0.878,0.622,21.112,0.073,1,1,0,1,0,0,1,"SDSS-II SN 9032",337.88454,-0.49356
971,"15259","SDSS",0.2087,0.00101,0.20857,0.21003,20.611,0.196,-0.004,0.034,0.482,0.278,20.561,0.047,1,1,0,1,0,0,1,"SDSS-II SN 15259",337.544,-0.40779
503,"2000dn","LOSS1",0.03148,8.9E-4,0.03081,0.03207,16.454,0.219,-0.083,0.045,-0.301,0.121,16.33,0.043,0,0,0,0,0,0,1,"SN 2000dn",346.27442,-3.20028
1205,"10550","SDSS",0.29933,0.00108,0.29923,0.30081,21.758,0.341,0.078,0.076,1.646,1.378,21.77,0.128,0,1,0,0,0,0,1,"SDSS-II SN 10550",349.67537,-1.20489
377,"ASASSN-16hz","FOUND",0.02466,8.7E-4,0.02406,0.02531,15.558,0.316,0.091,0.034,-0.271,0.122,15.998,0.047,0,0,0,0,0,0,1,"ASASSN-16hz",348.9395,-1.33965
911,"6422","SDSS",0.18515,9.9E-4,0.18501,0.18645,20.382,0.158,-0.111,0.024,0.819,0.215,20.023,0.033,1,1,0,1,0,0,1,"SDSS-II SN 6422",349.139,-0.66337
1036,"15369","SDSS",0.23282,0.0051,0.23269,0.2342,20.581,0.179,-0.043,0.032,0.692,0.243,20.399,0.038,0,1,0,0,0,0,1,"SDSS-II SN 15369",348.83296,-0.56258
312,"2006dm","LOSS1",0.02228,8.7E-4,0.02161,0.02284,15.553,0.178,-0.033,0.028,-1.901,0.069,15.763,0.037,0,0,0,0,0,0,1,"SN 2006dm",355.44717,-3.66739
313,"2006dm","SOUSA",0.02228,8.7E-4,0.02161,0.02284,15.57,0.257,0.002,0.049,-1.76,0.17,15.844,0.044,0,0,0,0,0,0,1,"SN 2006dm",355.44717,-3.66739
1225,"560087","PS1MD",0.30652,0.00148,0.30641,0.308,21.643,0.2,-0.13,0.049,-1.466,0.447,21.548,0.062,0,0,0,3,0,0,1,"[JSR2018] psc560087",352.6755,-1.55599
836,"16116","SDSS",0.15526,9.6E-4,0.15509,0.15649,20.025,0.156,-0.107,0.025,0.532,0.301,19.718,0.033,1,1,0,1,0,0,1,"SDSS-II SN 16116",355.302,-1.10596
1502,"90201","PS1MD",0.50825,0.00161,0.50817,0.51,22.766,0.182,-0.091,0.042,0.031,0.503,22.506,0.048,0,0,0,3,0,0,0,"[JSR2018] psc090201",353.32828,-0.95071
724,"560033","PS1MD",0.07895,0.01004,0.07869,0.08,18.346,0.503,0.097,0.03,-0.248,0.15,18.802,0.043,0,0,0,2,0,0,1,"[JSR2018] psc560033",353.59863,-0.68307
1174,"19128","SDSS",0.28775,0.00511,0.28763,0.2892,21.622,0.226,-0.066,0.044,1.341,0.61,21.339,0.05,1,1,0,1,0,0,1,"SDSS-II SN 19128",354.20375,-0.78225
908,"8213","SDSS",0.18484,9.9E-4,0.18468,0.18611,20.402,0.276,0.161,0.039,-0.648,0.34,20.86,0.049,1,1,0,1,0,0,1,"SDSS-II SN 8213",357.52096,-0.92142
937,"13070","SDSS",0.19733,0.001,0.19719,0.19863,20.549,0.139,-0.147,0.028,0.966,0.274,20.09,0.042,1,1,0,1,0,0,1,"SDSS-II SN 13070",357.785,-0.74657
1021,"19992","SDSS",0.22645,0.00114,0.22632,0.2278,21.138,0.199,-0.082,0.047,0.265,0.558,20.894,0.061,1,1,0,1,0,0,1,"SDSS-II SN 19992",357.10417,-1.185
747,"20064","SDSS",0.10374,9.2E-4,0.10351,0.10484,18.955,0.195,0.057,0.024,0.816,0.182,19.006,0.033,1,1,0,1,0,0,1,"SDSS-II SN 20064",358.58625,-0.91722
863,"19282","SDSS",0.17256,0.0011,0.17239,0.1738,20.249,0.175,-0.031,0.025,1.243,0.243,20.041,0.035,0,0,0,0,0,0,1,"SDSS-II SN 19282",359.07,-0.50081
1197,"19794","SDSS",0.2958,0.00108,0.29568,0.29724,21.768,0.307,0.054,0.073,-2.381,0.898,21.994,0.081,1,1,0,1,0,0,1,"SDSS-II SN 19794",359.31904,0.24936
776,"19543","SDSS",0.12405,0.00509,0.12384,0.1252,19.582,0.22,-0.022,0.024,-0.833,0.14,19.7,0.034,1,1,0,1,0,0,1,"SDSS-II SN 19543",357.908,0.27983
877,"17218","SDSS",0.17713,9.8E-4,0.17697,0.17839,20.257,0.174,-0.083,0.032,-0.798,0.413,20.176,0.04,1,1,0,1,0,0,1,"SDSS-II SN 17218",356.172,-0.03007
1328,"20186","SDSS",0.34968,0.00123,0.34957,0.3512,22.234,0.286,-0.094,0.059,0.549,1.198,21.935,0.072,0,1,0,0,0,0,1,"SDSS-II SN 20186",357.29458,0.79789
1177,"91869","PS1MD",0.28854,0.00147,0.28843,0.29,21.493,0.163,-0.008,0.033,1.339,0.33,21.302,0.05,0,0,0,3,0,0,0,"[JSR2018] psc091869",351.90747,-1.76245
1202,"420196","PS1MD",0.29853,0.01006,0.29842,0.3,22.018,0.231,0.025,0.038,0.805,0.342,21.957,0.054,0,0,0,3,0,0,1,"[JSR2018] psc420196",351.76124,-1.02839
1108,"550041","PS1MD",0.25859,0.01005,0.25847,0.26,21.213,0.208,-0.192,0.043,0.799,0.251,20.671,0.066,0,0,0,3,0,0,1,"[JSR2018] psc550041",352.54044,-0.86643
1256,"550059","PS1MD",0.3185,0.00149,0.31839,0.32,22.082,0.327,0.055,0.116,-0.622,0.502,22.277,0.172,0,0,0,3,0,0,1,"[JSR2018] psc550059",351.30291,-1.02451
729,"12950","SDSS",0.08167,9.0E-4,0.08141,0.08273,18.469,0.218,0.027,0.022,-0.396,0.083,18.697,0.035,1,1,0,3,0,0,1,"SDSS-II SN 12950",351.667,-0.8406
739,"300105","PS1MD",0.09205,9.1E-4,0.09181,0.09314,18.907,0.265,0.073,0.027,0.328,0.09,19.182,0.04,0,0,0,3,0,0,1,"[JSR2018] psc300105",351.7103,-0.73006
1418,"550202","PS1MD",0.42036,0.00155,0.42027,0.422,22.581,0.343,-0.221,0.1,0.487,0.622,22.04,0.089,0,0,0,3,0,0,1,"[JSR2018] psc550202",351.79989,-0.78292
1033,"430004","PS1MD",0.23162,0.00143,0.2315,0.233,20.948,0.225,0.034,0.049,1.323,0.426,20.871,0.082,0,0,0,3,0,0,1,"[JSR2018] psc430004",351.11302,-0.75424
1318,"310090","PS1MD",0.34696,0.0015,0.34686,0.3485,22.163,0.369,-0.05,0.088,-1.333,0.587,22.2,0.081,0,0,0,3,0,0,1,"[JSR2018] psc310090",351.30836,-0.60511
1212,"570022","PS1MD",0.30152,0.00148,0.30141,0.303,21.856,0.204,-0.104,0.035,1.764,0.644,21.418,0.042,0,0,0,3,0,0,1,"[JSR2018] psc570022",351.12384,-0.48434
1283,"13830","SDSS",0.32995,0.00111,0.32985,0.33147,21.591,0.208,-0.019,0.054,1.235,0.65,21.396,0.08,1,1,0,1,0,0,1,"SDSS-II SN 13830",351.56171,-0.38225
1274,"530219","PS1MD",0.32848,0.01006,0.32838,0.33,22.098,0.277,-0.136,0.072,-0.971,0.458,21.915,0.141,0,0,0,3,0,0,1,"[JSR2018] psc530219",351.52861,-0.31942
1413,"440162","PS1MD",0.41936,0.00155,0.41927,0.421,22.433,0.191,-0.094,0.038,0.881,0.603,22.081,0.047,0,0,0,3,0,0,1,"[JSR2018] psc440162",353.26604,-0.91267
912,"16281","SDSS",0.18522,9.9E-4,0.18507,0.18651,20.29,0.17,-0.077,0.033,-0.815,0.549,20.221,0.039,1,1,0,1,0,0,1,"SDSS-II SN 16281",352.942,-0.66808
1095,"310161","PS1MD",0.2526,0.00145,0.25247,0.254,21.209,0.164,-0.038,0.027,0.136,0.177,21.13,0.038,0,0,0,3,0,0,1,"[JSR2018] psc310161",352.9659,-0.66044
1144,"310051","PS1MD",0.27057,0.00146,0.27045,0.272,21.261,0.208,0.102,0.032,-0.353,0.278,21.561,0.045,0,0,0,3,0,0,1,"[JSR2018] psc310051",353.41162,-0.55248
1482,"560054","PS1MD",0.47988,0.00159,0.4798,0.4816,22.643,0.236,-0.013,0.06,1.679,0.785,22.455,0.081,0,0,0,3,0,0,1,"[JSR2018] psc560054",353.2958,-0.33641
1500,"310091","PS1MD",0.50725,0.00161,0.50716,0.509,22.983,0.179,-0.1,0.044,-0.258,0.466,22.729,0.052,0,0,0,3,0,0,1,"[JSR2018] psc310091",353.12639,-0.10465
1080,"450082","PS1MD",0.24861,0.01005,0.24848,0.25,21.175,0.194,-0.07,0.028,-0.069,0.32,21.002,0.039,0,0,0,3,0,0,1,"[JSR2018] psc450082",353.35601,0.31049
1079,"420087","PS1MD",0.2486,0.01005,0.24848,0.25,21.238,0.214,-0.185,0.043,0.544,0.412,20.741,0.069,0,0,0,2,0,0,1,"PS1-12bav",352.76662,0.10622
774,"570062","PS1MD",0.12383,0.00137,0.12363,0.125,19.571,0.148,-0.081,0.028,0.116,0.249,19.378,0.038,0,0,0,3,0,0,1,"[JSR2018] psc570062",353.10172,0.29559
1047,"310574","PS1MD",0.23662,0.00144,0.23649,0.238,21.011,0.154,-0.023,0.032,-0.383,0.163,21.001,0.04,0,0,0,3,0,0,1,"[JSR2018] psc310574",352.98593,0.53627
1350,"100358","PS1MD",0.36623,0.00152,0.36613,0.3678,21.883,0.225,-0.057,0.1,-0.43,0.672,21.779,0.131,0,0,0,3,0,0,1,"[JSR2018] psc100358",352.44446,0.59051
1149,"420258","PS1MD",0.27456,0.00146,0.27444,0.276,21.487,0.292,0.245,0.043,0.896,0.324,21.963,0.057,0,0,0,3,0,0,1,"[JSR2018] psc420258",352.42775,0.70536
883,"300179","PS1MD",0.17911,0.0014,0.17896,0.1804,20.514,0.2,-0.099,0.046,0.094,0.177,20.256,0.044,0,0,0,3,0,0,1,"[JSR2018] psc300179",351.142,0.227
755,"7147","SDSS",0.10908,9.2E-4,0.10886,0.11022,19.149,0.13,-0.093,0.024,-1.95,0.157,19.225,0.035,1,1,0,1,0,0,1,"SDSS-II SN 7147",350.01833,-0.05556
1152,"20227","SDSS",0.27585,0.00107,0.27574,0.2773,21.41,0.212,-0.136,0.047,-1.225,0.557,21.266,0.047,1,1,0,1,0,0,1,"SDSS-II SN 20227",349.12,-0.09892
763,"1371","SDSS",0.11818,9.3E-4,0.11797,0.11934,19.163,0.124,-0.102,0.022,0.791,0.097,18.805,0.035,1,1,0,1,0,0,1,"SDSS-II SN 1371",349.37333,0.42944
819,"13796","SDSS",0.14747,9.6E-4,0.14729,0.1487,19.714,0.17,-0.021,0.022,0.796,0.118,19.593,0.033,1,1,0,1,0,0,1,"SDSS-II SN 13796",350.692,0.53232
1153,"19051","SDSS",0.27631,0.00106,0.27619,0.27775,21.422,0.178,-0.084,0.041,0.733,0.45,21.124,0.046,0,1,0,0,0,0,1,"SDSS-II SN 19051",351.375,0.42333
762,"16259","SDSS",0.11792,9.3E-4,0.11771,0.11908,19.356,0.213,0.079,0.028,-1.5,0.222,19.796,0.037,1,1,0,0,0,0,1,"SDSS-II SN 16259",352.03,0.85636
1298,"16093","SDSS",0.3345,0.00111,0.33439,0.33603,21.867,0.234,-0.056,0.058,1.028,0.768,21.607,0.078,1,1,0,1,0,0,1,"SDSS-II SN 16093",350.362,1.13267
1062,"20111","SDSS",0.2428,0.00104,0.24267,0.24419,21.169,0.218,0.016,0.045,-0.025,0.616,21.163,0.05,1,1,0,1,0,0,1,"SDSS-II SN 20111",354.394,0.24744
1155,"4046","SDSS",0.27776,0.00511,0.27764,0.2792,21.366,0.243,0.0,0.044,0.806,0.528,21.267,0.052,1,1,0,1,0,0,1,"SDSS-II SN 4046",354.49833,0.64214
914,"15365","SDSS",0.18667,9.9E-4,0.18651,0.18796,20.503,0.142,-0.054,0.028,0.809,0.234,20.253,0.036,1,1,0,1,0,0,1,"SDSS-II SN 15365",354.55667,1.24889
994,"13641","SDSS",0.21794,0.00113,0.21781,0.2193,20.741,0.173,-0.046,0.033,1.023,0.287,20.52,0.042,1,1,0,1,0,0,1,"SDSS-II SN 13641",345.21866,-0.98122
902,"17391","SDSS",0.1836,0.00111,0.18345,0.1849,20.347,0.293,0.024,0.046,0.342,0.659,20.426,0.069,0,1,0,0,0,0,1,"SDSS-II SN 17391",347.55242,-0.93142
802,"20084","SDSS",0.13851,9.5E-4,0.13834,0.13973,19.787,0.318,0.149,0.031,0.079,0.287,20.31,0.044,0,0,0,0,0,0,1,"SDSS-II SN 20084",347.976,-0.57906
1233,"16211","SDSS",0.30949,0.00109,0.30939,0.31099,21.765,0.299,0.017,0.074,-1.953,0.799,21.882,0.098,0,0,0,0,0,0,1,"SDSS-II SN 16211",348.16288,0.26588
1291,"20106","SDSS",0.33147,0.00122,0.33137,0.333,21.981,0.284,-0.106,0.07,-1.045,0.764,21.793,0.083,1,1,0,1,0,0,1,"SDSS-II SN 20106",346.55429,0.32897
748,"13038","SDSS",0.10507,0.00508,0.10485,0.1062,19.177,0.235,-0.024,0.023,1.43,0.146,18.964,0.037,1,1,0,1,0,0,1,"SDSS-II SN 13038",347.82679,0.50461
1216,"7143","SDSS",0.30365,0.00109,0.30354,0.30514,21.825,0.196,0.016,0.045,-0.461,0.649,21.811,0.053,1,1,0,1,0,0,1,"SDSS-II SN 7143",345.26237,-0.20742
615,"2005ku","CSP",0.04439,8.7E-4,0.04397,0.04525,17.039,0.248,0.062,0.025,-0.195,0.146,17.31,0.038,0,0,1,0,0,0,0,"SN 2005ku",344.92754,0.01369
694,"PS15bjg","FOUND",0.06786,8.9E-4,0.06758,0.06889,18.241,0.189,-0.147,0.048,-0.876,0.257,18.054,0.07,0,0,0,0,0,0,1,"PS15bjg",343.79343,-0.41024
884,"13045","SDSS",0.17931,9.8E-4,0.17916,0.1806,20.283,0.228,0.061,0.035,-0.085,0.53,20.437,0.057,1,1,0,1,0,0,1,"SDSS-II SN 13045",345.02492,0.53767
1179,"2789","SDSS",0.28901,0.00108,0.2889,0.29048,21.49,0.227,-0.105,0.055,-0.791,0.551,21.319,0.064,1,1,0,1,0,0,1,"SDSS-II SN 2789",344.20142,0.40108
1269,"18617","SDSS",0.3258,0.00111,0.3257,0.32732,21.911,0.27,-0.026,0.058,-0.184,0.932,21.761,0.07,1,1,0,1,0,0,1,"SDSS-II SN 18617",345.761,0.84939
780,"16069","SDSS",0.12706,9.4E-4,0.12688,0.12825,19.56,0.258,0.162,0.028,0.897,0.223,19.872,0.043,0,0,0,1,0,0,1,"SDSS-II SN 16069",341.24505,-1.0064
778,"15459","SDSS",0.1256,9.4E-4,0.12542,0.12679,19.889,0.298,0.113,0.03,0.38,0.222,20.296,0.046,0,1,0,0,0,0,1,"SDSS-II SN 15459",340.701,-0.90176
904,"17168","SDSS",0.18389,9.9E-4,0.18376,0.18519,20.499,0.196,-0.038,0.034,0.545,0.315,20.357,0.045,1,1,0,1,0,0,1,"SDSS-II SN 17168",339.724,-1.16726
669,"2006py","CSP",0.05653,8.8E-4,0.05658,0.05787,17.657,0.183,-0.015,0.025,0.187,0.208,17.626,0.039,1,1,1,1,2,0,0,"SN 2006py",340.42499,-0.13692
1280,"13934","SDSS",0.32941,0.00111,0.32931,0.33093,22.158,0.309,-0.088,0.073,-0.655,0.885,21.966,0.093,1,1,0,1,0,0,1,"SDSS-II SN 13934",342.111,-0.43528
189,"2011im","SOUSA",0.01549,8.5E-4,0.01493,0.01616,15.02,0.339,0.091,0.057,-1.451,0.29,15.487,0.058,0,0,0,0,0,0,1,"SN 2011im",341.10508,-0.16722
932,"15674","SDSS",0.19568,0.00112,0.19555,0.197,20.705,0.211,0.003,0.039,-0.329,0.311,20.78,0.056,1,1,0,1,0,0,1,"SDSS-II SN 15674",340.82917,0.26292
875,"18604","SDSS",0.17498,9.8E-4,0.17483,0.17626,20.49,0.18,-0.042,0.037,-2.136,0.354,20.687,0.051,0,0,0,0,0,0,1,"SDSS-II SN 18604",340.921,0.42051
1011,"13025","SDSS",0.22299,0.00102,0.22287,0.22436,21.073,0.28,0.046,0.052,0.868,0.841,21.05,0.088,1,1,0,1,0,0,1,"SDSS-II SN 13025",341.568,0.41622
1172,"20245","SDSS",0.28734,0.00107,0.28723,0.2888,21.316,0.249,0.078,0.057,-0.695,0.926,21.458,0.072,1,1,0,1,0,0,1,"SDSS-II SN 20245",341.70533,0.75581
1101,"1112","SDSS",0.2562,0.00105,0.25609,0.25761,21.306,0.27,-0.018,0.053,-0.608,0.72,21.295,0.066,1,1,0,1,0,0,1,"SDSS-II SN 1112",339.0175,-0.37522
966,"15201","SDSS",0.20748,0.00101,0.20736,0.20881,21.063,0.333,0.152,0.056,-1.878,0.797,21.622,0.07,1,1,0,1,0,0,1,"SDSS-II SN 15201",337.519,0.00311
797,"18602","SDSS",0.13713,9.5E-4,0.13696,0.13834,19.709,0.258,0.064,0.03,0.91,0.187,19.866,0.051,1,1,0,1,0,0,1,"SDSS-II SN 18602",338.984,0.60911
905,"20048","SDSS",0.18402,9.9E-4,0.18388,0.18531,20.543,0.217,0.02,0.041,-0.677,0.522,20.673,0.056,1,1,0,1,0,0,1,"SDSS-II SN 20048",339.30792,0.73611
1272,"14456","SDSS",0.32804,0.00111,0.32794,0.32956,21.747,0.17,-0.02,0.051,-0.049,0.58,21.601,0.072,1,1,0,1,0,0,1,"SDSS-II SN 14456",343.551,1.05089
647,"PS16dnp","FOUND",0.05023,8.8E-4,0.04998,0.05127,17.605,0.161,-0.094,0.037,0.809,0.24,17.287,0.064,0,0,0,0,0,0,1,"PS16dnp",344.91462,2.14975
74,"1998dh","LOSS1",0.00814,8.4E-4,0.00769,0.00893,13.463,0.316,0.014,0.039,-0.603,0.036,13.598,0.05,0,0,0,0,0,0,1,"SN 1998dh",348.66796,4.53725
75,"1998dh","CfA2",0.00814,8.4E-4,0.00769,0.00893,13.362,0.316,0.054,0.03,-0.774,0.08,13.633,0.051,0,0,0,0,0,0,1,"SN 1998dh",348.66796,4.53725
823,"14437","SDSS",0.14806,9.6E-4,0.14792,0.14927,19.785,0.156,-0.098,0.026,0.619,0.124,19.487,0.052,1,1,0,1,0,0,1,"SDSS-II SN 14437",332.081,-1.19633
1086,"16106","SDSS",0.24983,0.00116,0.24973,0.2512,21.043,0.205,-0.141,0.05,-0.557,0.396,20.804,0.067,1,1,0,1,0,0,1,"SDSS-II SN 16106",332.08933,-1.14881
1030,"19008","SDSS",0.23086,0.00114,0.23075,0.2322,20.852,0.203,0.067,0.042,1.082,0.398,20.864,0.064,1,1,0,1,0,0,1,"SDSS-II SN 19008",331.96333,-1.06994
984,"8495","SDSS",0.21365,0.00101,0.21353,0.21498,20.755,0.188,-0.02,0.043,0.765,0.471,20.584,0.064,1,1,0,1,0,0,1,"SDSS-II SN 8495",335.26083,-0.74833
1139,"530037","PS1MD",0.26859,0.01006,0.2685,0.27,21.326,0.189,-0.114,0.034,0.337,0.287,20.996,0.067,0,0,0,3,0,0,1,"[JSR2018] psc530037",333.67075,-1.05043
812,"190260","PS1MD",0.14359,0.00138,0.14344,0.1448,19.861,0.127,-0.052,0.031,0.981,0.123,19.576,0.064,0,0,0,3,0,0,1,"[JSR2018] psc190260",333.96682,-0.82516
970,"200132","PS1MD",0.20868,0.01005,0.20856,0.21,20.85,0.238,-0.034,0.033,0.399,0.204,20.746,0.053,0,0,0,3,0,0,1,"[JSR2018] psc200132",334.49398,-0.69689
1025,"13072","SDSS",0.22928,0.00103,0.22917,0.23063,20.97,0.201,-0.008,0.045,0.402,0.405,20.863,0.066,1,1,0,1,0,0,1,"SDSS-II SN 13072",334.95942,0.02439
1414,"550137","PS1MD",0.41939,0.00155,0.41931,0.421,22.207,0.221,0.043,0.059,0.577,0.599,22.184,0.094,0,0,0,3,0,0,1,"[JSR2018] psc550137",334.7541,0.02965
1103,"9457","SDSS",0.25683,0.00105,0.25672,0.25823,21.249,0.25,-0.017,0.061,-0.334,0.603,21.205,0.082,1,1,0,1,0,0,1,"SDSS-II SN 9457",335.81437,0.25306
1104,"19207","SDSS",0.25731,0.00116,0.25721,0.2587,21.325,0.248,0.014,0.053,0.494,0.594,21.248,0.07,1,1,0,1,0,0,1,"SDSS-II SN 19207",333.46396,-0.92028
1275,"430003","PS1MD",0.32851,0.00149,0.32843,0.33,21.681,0.294,0.102,0.048,1.442,0.402,21.835,0.071,0,0,0,3,0,0,1,"[JSR2018] psc430003",333.38041,-0.45286
1346,"420417","PS1MD",0.36147,0.00151,0.36138,0.363,21.863,0.287,-0.037,0.059,-0.185,0.677,21.763,0.078,0,0,0,3,0,0,1,"[JSR2018] psc420417",333.49522,-0.19161
954,"19913","SDSS",0.20249,0.00112,0.20237,0.2038,20.742,0.157,-0.047,0.036,0.116,0.349,20.594,0.053,1,1,0,1,0,0,1,"SDSS-II SN 19913",333.762,-0.34173
1070,"420407","PS1MD",0.24523,0.00144,0.24512,0.2466,21.243,0.18,-0.037,0.039,-0.295,0.257,21.188,0.064,0,0,0,3,0,0,1,"[JSR2018] psc420407",333.949,-0.31552
1192,"420414","PS1MD",0.29256,0.00147,0.29246,0.294,21.442,0.223,-0.037,0.048,-0.992,0.316,21.483,0.06,0,0,0,3,0,0,1,"[JSR2018] psc420414",334.27617,0.0287
804,"190230","PS1MD",0.1388,0.00138,0.13864,0.14,19.794,0.128,-0.075,0.028,-1.413,0.136,19.82,0.042,0,0,0,3,0,0,1,"[JSR2018] psc190230",333.93697,0.42254
881,"5635","SDSS",0.17852,9.9E-4,0.17839,0.17979,20.714,0.206,-0.023,0.038,0.067,0.408,20.676,0.054,1,1,0,1,0,0,1,"SDSS-II SN 5635",333.183,-0.03504
777,"13044","SDSS",0.12472,9.4E-4,0.12455,0.12588,19.509,0.123,-0.071,0.023,-0.018,0.129,19.34,0.036,1,1,0,1,0,0,1,"SDSS-II SN 13044",332.543,0.50392
798,"21062","SDSS",0.13745,9.5E-4,0.13729,0.13864,20.098,0.229,0.019,0.032,0.722,0.35,20.113,0.044,1,1,0,1,0,0,1,"SDSS-II SN 21062",333.432,0.3963
768,"19953","SDSS",0.12207,9.4E-4,0.1219,0.12323,19.342,0.156,-0.131,0.022,0.729,0.184,18.955,0.036,1,1,0,1,0,0,1,"SDSS-II SN 19953",332.93,0.57936
860,"12856","SDSS",0.17042,9.8E-4,0.17029,0.17167,20.221,0.13,-0.087,0.024,0.863,0.204,19.893,0.036,1,1,0,1,0,0,1,"SDSS-II SN 12856",332.865,0.7556
1005,"19230","SDSS",0.22017,0.00113,0.22005,0.2215,20.67,0.241,0.083,0.047,-1.641,0.427,21.04,0.054,1,1,0,1,0,0,1,"SDSS-II SN 19230",332.89104,0.76478
1247,"530112","PS1MD",0.31453,0.00148,0.31444,0.316,21.872,0.153,-0.053,0.034,-0.64,0.273,21.817,0.044,0,0,0,3,0,0,1,"[JSR2018] psc530112",333.5692,0.92086
1085,"3199","SDSS",0.24972,0.00116,0.24961,0.2511,21.42,0.219,0.012,0.04,1.651,0.38,21.296,0.049,1,1,0,2,0,0,1,"SDSS-II SN 3199",333.29271,1.05058
1203,"570025","PS1MD",0.29855,0.01006,0.29845,0.3,21.401,0.272,-0.079,0.061,-0.224,0.781,21.255,0.103,0,0,0,3,0,0,1,"[JSR2018] psc570025",335.05962,0.37756
1148,"15356","SDSS",0.27351,0.00107,0.2734,0.27493,21.219,0.207,-0.017,0.048,-0.663,0.507,21.204,0.054,1,1,0,1,0,0,1,"SDSS-II SN 15356",335.053,0.40992
989,"1316","SDSS",0.21578,0.00101,0.21566,0.21711,20.972,0.257,-0.099,0.046,0.687,0.687,20.659,0.075,0,1,0,0,0,0,1,"SDSS-II SN 1316",334.86383,0.49442
801,"190340","PS1MD",0.1384,0.00138,0.13824,0.1396,19.77,0.121,-0.066,0.027,0.508,0.087,19.521,0.045,0,0,0,3,0,0,1,"[JSR2018] psc190340",334.13446,0.47329
1026,"3452","SDSS",0.22978,0.00103,0.22967,0.23114,20.882,0.186,-0.09,0.037,0.909,0.273,20.566,0.048,1,1,0,1,0,0,1,"SDSS-II SN 3452",334.6715,0.63919
1255,"80646","PS1MD",0.31822,0.00149,0.31813,0.3197,21.767,0.151,-0.09,0.038,-1.044,0.272,21.691,0.054,0,0,0,3,0,0,0,"[JSR2018] psc080646",334.62222,0.94149
1408,"530251","PS1MD",0.4114,0.00154,0.41131,0.413,22.581,0.241,0.065,0.052,0.024,0.478,22.703,0.065,0,0,0,3,0,0,1,"[JSR2018] psc530251",334.63427,1.11489
1081,"560152","PS1MD",0.24862,0.01005,0.24851,0.25,21.113,0.26,-0.091,0.036,-0.11,0.814,20.903,0.051,0,0,0,3,0,0,1,"[JSR2018] psc560152",334.80021,1.16022
1078,"3451","SDSS",0.24846,0.00104,0.24835,0.24984,20.95,0.175,-0.053,0.039,0.69,0.328,20.713,0.048,1,1,0,1,0,0,1,"SDSS-II SN 3451",334.06921,0.70819
890,"420159","PS1MD",0.18073,0.0014,0.18059,0.182,20.251,0.131,-0.063,0.027,0.269,0.206,20.047,0.037,0,0,0,3,0,0,1,"[JSR2018] psc420159",333.68448,1.21783
1252,"6100","SDSS",0.31623,0.00121,0.31613,0.3177,21.945,0.273,0.052,0.066,2.093,1.179,21.877,0.088,0,1,0,0,0,0,1,"SDSS-II SN 6100",333.48317,1.0865
948,"560150","PS1MD",0.1997,0.00141,0.19957,0.201,20.644,0.169,-0.048,0.032,-1.491,0.455,20.744,0.039,0,0,0,2,0,0,1,"[JSR2018] psc560150",333.9607,1.22758
1169,"440050","PS1MD",0.28557,0.00147,0.28547,0.287,21.452,0.184,-0.045,0.041,-0.19,0.716,21.357,0.052,0,0,0,4,0,0,1,"[JSR2018] psc440050",333.86696,1.54949
1024,"180561","PS1MD",0.22865,0.00143,0.22853,0.23,20.907,0.307,0.138,0.032,0.011,0.215,21.434,0.044,0,0,0,3,0,0,1,"[JSR2018] psc180561",334.46243,1.46844
703,"2006on","CfA3K",0.07089,8.9E-4,0.07068,0.07191,18.201,0.246,0.089,0.049,0.95,0.705,18.253,0.09,1,1,0,1,2,0,0,"SN 2006on",328.99368,-1.07022
751,"3256","SDSS",0.10711,9.2E-4,0.10694,0.10822,19.177,0.209,0.007,0.034,-0.425,0.165,19.331,0.061,0,1,0,0,0,0,1,"SDSS-II SN 3256",329.267,-0.22346
1186,"19027","SDSS",0.29123,0.00108,0.29114,0.29263,21.231,0.217,0.006,0.048,0.542,0.565,21.143,0.067,1,1,0,1,0,0,1,"SDSS-II SN 19027",328.884,-0.37181
831,"15132","SDSS",0.15318,9.6E-4,0.15304,0.15438,19.965,0.125,-0.132,0.022,1.065,0.15,19.518,0.034,0,0,0,0,0,0,1,"SDSS-II SN 15132",329.701,0.19851
956,"14212","SDSS",0.2032,0.001,0.20308,0.20449,20.713,0.144,-0.026,0.033,-0.316,0.179,20.672,0.044,0,0,0,0,0,0,1,"SDSS-II SN 14212",330.471,1.04449
1232,"5844","SDSS",0.30938,0.0012,0.3093,0.3108,21.723,0.269,-0.138,0.061,0.147,0.88,21.391,0.092,1,1,0,1,0,0,1,"SDSS-II SN 5844",327.78621,-0.84294
757,"18650","SDSS",0.11259,9.3E-4,0.11243,0.11371,19.368,0.161,-0.038,0.025,0.885,0.118,19.193,0.052,1,1,0,1,0,0,1,"SDSS-II SN 18650",328.447,0.01503
1166,"14261","SDSS",0.28446,0.00107,0.28436,0.28585,21.29,0.185,-0.033,0.045,0.672,0.481,21.119,0.067,1,1,0,1,0,0,1,"SDSS-II SN 14261",328.24,0.25367
955,"6780","SDSS",0.20279,0.001,0.20268,0.20406,20.584,0.183,-0.028,0.046,-1.75,0.388,20.742,0.072,1,1,0,1,0,0,1,"SDSS-II SN 6780",328.069,0.26708
909,"15461","SDSS",0.18493,9.9E-4,0.18482,0.18617,20.36,0.132,-0.109,0.027,-0.164,0.212,20.127,0.045,1,1,0,1,0,0,1,"SDSS-II SN 15461",326.848,-0.49476
959,"7243","SDSS",0.20334,0.001,0.20323,0.20462,20.681,0.214,-0.016,0.042,0.745,0.391,20.569,0.065,1,1,0,1,0,0,1,"SDSS-II SN 7243",328.079,0.47192
781,"744","SDSS",0.1271,9.4E-4,0.12694,0.12825,19.432,0.28,0.073,0.034,1.396,0.316,19.575,0.057,1,1,0,1,0,0,1,"SDSS-II SN 744",329.19854,0.3175
998,"5533","SDSS",0.21898,0.00102,0.21887,0.22028,20.876,0.217,0.007,0.042,-0.503,0.402,20.956,0.058,1,1,0,1,0,0,1,"SDSS-II SN 5533",328.67,0.41328
1119,"2017","SDSS",0.26172,0.00105,0.26162,0.26309,21.434,0.258,-0.102,0.05,1.419,0.572,21.065,0.064,1,1,0,1,0,0,1,"SDSS-II SN 2017",328.94333,0.59353
1171,"20040","SDSS",0.28665,0.00108,0.28655,0.28805,21.386,0.216,-0.106,0.046,1.116,0.735,21.024,0.056,1,1,0,1,0,0,1,"SDSS-II SN 20040",328.879,0.81508
973,"16482","SDSS",0.20948,0.00101,0.20937,0.21077,20.588,0.261,-0.023,0.047,-2.221,1.177,20.814,0.056,0,0,0,0,0,0,1,"SDSS-II SN 16482",328.7111,0.93305
997,"9467","SDSS",0.21897,0.00102,0.21885,0.22027,20.94,0.239,-0.138,0.057,-1.388,0.381,20.833,0.067,1,1,0,1,0,0,1,"SDSS-II SN 9467",328.95137,1.18083
1168,"17791","SDSS",0.28478,0.00118,0.28468,0.2862,21.861,0.35,-0.19,0.063,0.233,0.725,21.487,0.087,1,1,0,1,0,0,1,"SDSS-II SN 17791",332.37329,0.73789
1386,"550218","PS1MD",0.38744,0.00153,0.38735,0.389,22.304,0.272,-0.115,0.067,-1.553,0.499,22.177,0.098,0,0,0,3,0,0,1,"[JSR2018] psc550218",332.9271,0.90128
1351,"190209","PS1MD",0.36656,0.00152,0.36648,0.3681,21.98,0.153,-0.075,0.035,0.502,0.344,21.709,0.046,0,0,0,3,0,0,1,"[JSR2018] psc190209",333.08197,1.03595
983,"13305","SDSS",0.2135,0.00101,0.21339,0.21481,20.769,0.163,-0.008,0.034,1.023,0.305,20.603,0.045,1,1,0,1,0,0,1,"SDSS-II SN 13305",331.1,0.69078
591,"2008dr","LOSS1",0.04014,8.7E-4,0.03996,0.04119,17.031,0.145,-0.002,0.021,-1.387,0.082,17.235,0.032,0,0,0,0,0,0,1,"SN 2008dr",332.71529,2.10822
1189,"12841","SDSS",0.29215,0.00108,0.29208,0.29349,21.498,0.483,-0.11,0.122,-0.728,1.128,21.308,0.193,0,1,0,0,0,0,1,"SDSS-II SN 12841",321.34725,-1.03367
901,"15453","SDSS",0.18252,0.00111,0.18243,0.1837,20.529,0.175,-0.038,0.029,1.146,0.256,20.309,0.043,1,1,0,1,0,0,1,"SDSS-II SN 15453",319.668,-1.02424
685,"2006oa","CfA3K",0.06153,8.9E-4,0.06142,0.06257,17.822,0.181,-0.016,0.029,1.275,0.239,17.639,0.038,1,1,0,1,2,0,0,"SN 2006oa",320.929,-0.84306
1046,"15287","SDSS",0.23639,0.00103,0.2363,0.23768,21.128,0.153,-0.044,0.034,1.111,0.305,20.875,0.04,0,0,0,0,0,0,1,"SDSS-II SN 15287",323.961,-1.05897
856,"12843","SDSS",0.16606,9.7E-4,0.16595,0.16725,19.929,0.192,0.04,0.036,-1.026,0.304,20.17,0.053,1,1,0,1,0,0,1,"SDSS-II SN 12843",323.87808,-0.98028
1094,"17552","SDSS",0.25199,0.00104,0.25191,0.25329,21.217,0.206,0.001,0.043,1.312,0.423,21.063,0.049,1,1,0,1,0,0,1,"SDSS-II SN 17552",322.321,-1.00281
1231,"6699","SDSS",0.30922,0.0012,0.30915,0.3106,21.793,0.249,-0.132,0.05,-0.647,0.888,21.554,0.06,1,1,0,1,0,0,1,"SDSS-II SN 6699",322.815,-1.057
1050,"16350","SDSS",0.23693,0.00103,0.23684,0.23822,20.975,0.208,-0.086,0.044,-0.956,0.596,20.895,0.047,0,0,0,0,0,0,1,"SDSS-II SN 16350",323.639,-0.88497
859,"17389","SDSS",0.16971,9.8E-4,0.1696,0.1709,20.419,0.274,0.067,0.034,1.112,0.381,20.542,0.046,1,1,0,1,0,0,1,"SDSS-II SN 17389",323.295,-0.96008
882,"6936","SDSS",0.17901,9.8E-4,0.1789,0.18021,20.388,0.155,-0.019,0.029,0.046,0.312,20.323,0.04,1,1,0,1,0,0,1,"SDSS-II SN 6936",323.234,-0.70006
814,"8921","SDSS",0.14423,9.5E-4,0.1441,0.14539,19.763,0.239,0.0,0.032,0.734,0.27,19.717,0.049,1,1,0,1,0,0,1,"SDSS-II SN 8921",325.002,-0.00804
1121,"1253","SDSS",0.26175,0.00105,0.26166,0.26307,21.139,0.224,-0.117,0.05,-0.927,0.475,20.981,0.058,1,1,0,1,0,0,1,"SDSS-II SN 1253",323.799,0.16314
1698,"geta","CANDELS",1.69706,0.04006,1.69702,1.7,26.033,0.38,-0.164,0.099,0.991,0.953,25.699,0.088,0,0,0,1,0,0,1,"[GRM2014] CLP12Get",322.34966,0.14021
1336,"1688","SDSS",0.35774,0.00113,0.35767,0.35916,22.104,0.291,-0.015,0.07,0.38,1.335,21.916,0.094,0,1,0,0,0,0,1,"SDSS-II SN 1688",321.35771,0.32453
766,"12860","SDSS",0.12058,9.3E-4,0.12042,0.12168,19.54,0.251,0.145,0.029,-0.303,0.202,19.98,0.047,0,0,0,1,0,0,1,"SDSS-II SN 12860",323.695,1.17542
806,"1794","SDSS",0.14082,9.5E-4,0.1407,0.14191,19.925,0.182,0.039,0.028,1.157,0.328,19.872,0.053,1,1,0,1,0,0,1,"SDSS-II SN 1794",317.83687,-0.44536
968,"20376","SDSS",0.2084,0.00129,0.20831,0.20961,20.477,0.271,0.161,0.039,-1.191,0.629,20.969,0.051,0,1,0,0,0,0,1,"SDSS-II SN 20376",319.396,-0.52397
934,"15129","SDSS",0.19621,0.001,0.19611,0.19739,20.522,0.156,-0.068,0.033,-0.683,0.233,20.446,0.044,1,1,0,1,0,0,1,"SDSS-II SN 15129",318.90204,-0.32172
969,"15467","SDSS",0.20856,0.00101,0.20847,0.20978,20.623,0.144,-0.064,0.034,0.82,0.267,20.35,0.047,1,1,0,1,0,0,1,"SDSS-II SN 15467",320.02,-0.17736
796,"19775","SDSS",0.137,9.5E-4,0.13687,0.13809,19.757,0.223,0.099,0.031,-0.212,0.204,20.051,0.055,1,1,0,1,0,0,1,"SDSS-II SN 19775",318.95612,0.65139
963,"17801","SDSS",0.20523,0.00112,0.20515,0.2064,20.913,0.226,-0.014,0.056,-0.657,0.506,20.949,0.082,1,1,0,1,0,0,1,"SDSS-II SN 17801",316.09321,-0.898
988,"14019","SDSS",0.21521,0.00113,0.21513,0.2164,21.211,0.228,-0.015,0.048,-0.306,0.417,21.211,0.067,1,1,0,1,0,0,1,"SDSS-II SN 14019",316.64242,-0.64794
1067,"15466","SDSS",0.24444,0.00104,0.24436,0.24567,20.953,0.22,0.036,0.05,-1.063,0.415,21.118,0.073,1,1,0,1,0,0,1,"SDSS-II SN 15466",317.645,-0.12275
838,"19940","SDSS",0.15601,0.00125,0.15591,0.1571,19.717,0.177,-0.023,0.026,1.056,0.214,19.557,0.048,1,1,0,1,0,0,1,"SDSS-II SN 19940",315.394,-0.26877
857,"12853","SDSS",0.16828,0.00109,0.16817,0.1694,20.023,0.164,-0.056,0.035,-0.574,0.352,19.966,0.067,0,0,0,0,0,0,1,"SDSS-II SN 12853",316.76458,0.72333
771,"2916","SDSS",0.12316,0.00106,0.12303,0.1242,19.344,0.273,0.072,0.036,-0.749,0.233,19.766,0.063,1,1,0,1,0,0,1,"SDSS-II SN 2916",315.92175,0.56953
1018,"13727","SDSS",0.22543,0.00102,0.22534,0.22664,20.88,0.187,-0.042,0.038,1.321,0.348,20.641,0.059,0,0,0,0,0,0,1,"SDSS-II SN 13727",317.587,0.93233
820,"14024","SDSS",0.14771,9.6E-4,0.14759,0.14881,19.881,0.187,0.041,0.035,-1.927,0.201,20.261,0.067,0,0,0,0,0,0,1,"SDSS-II SN 14024",318.20079,0.91783
1199,"1119","SDSS",0.29647,0.00108,0.29639,0.2978,21.741,0.365,-0.132,0.059,0.803,1.414,21.361,0.078,0,1,0,0,0,0,1,"SDSS-II SN 1119",320.41354,0.89464
1200,"13610","SDSS",0.29692,0.00108,0.29683,0.29831,21.407,0.201,-0.091,0.043,0.14,0.564,21.146,0.052,0,0,0,0,0,0,1,"SDSS-II SN 13610",326.014,0.7255
787,"18415","SDSS",0.12958,9.4E-4,0.1294,0.13077,19.59,0.14,-0.084,0.03,-1.631,0.172,19.637,0.05,1,1,0,1,0,0,1,"SDSS-II SN 18415",337.478,1.05847
825,"13736","SDSS",0.14898,9.6E-4,0.14882,0.15021,19.908,0.173,-0.023,0.024,1.116,0.167,19.742,0.043,1,1,0,1,0,0,1,"SDSS-II SN 13736",336.833,1.03072
163,"2005kc","CSP",0.01442,8.5E-4,0.01386,0.01509,14.766,0.306,0.134,0.029,-0.756,0.037,15.246,0.078,1,0,1,1,0,0,1,"SN 2005kc",338.53058,5.56842
164,"2005kc","CfA3K",0.01442,8.5E-4,0.01386,0.01509,14.772,0.351,0.222,0.033,-0.394,0.066,15.422,0.081,1,0,1,1,0,0,1,"SN 2005kc",338.53058,5.56842
381,"2007cq","SOUSA",0.0251,8.6E-4,0.02481,0.02604,15.584,0.287,-0.006,0.054,-0.131,0.345,15.648,0.072,1,0,0,1,2,0,1,"SN 2007cq",333.66839,5.08017
382,"2007cq","CfA3K",0.0251,8.6E-4,0.02481,0.02604,15.595,0.18,-0.061,0.03,-0.689,0.117,15.583,0.066,1,0,0,1,2,0,1,"SN 2007cq",333.66839,5.08017
384,"2007cq","LOSS1",0.0251,8.6E-4,0.02481,0.02604,15.756,0.175,-0.113,0.03,-0.327,0.066,15.566,0.066,1,0,0,1,2,0,1,"SN 2007cq",333.66839,5.08017
196,"2008ec","LOSS1",0.01562,8.5E-4,0.01506,0.01631,14.92,0.263,0.072,0.028,-0.937,0.049,15.262,0.049,0,0,0,0,0,0,1,"SN 2008ec",345.81567,8.8735
197,"2008ec","SOUSA",0.01562,8.5E-4,0.01506,0.01631,14.877,0.333,0.13,0.052,-0.763,0.183,15.346,0.057,0,0,0,0,0,0,1,"SN 2008ec",345.81567,8.8735
356,"1998eg","CfA2",0.02401,8.5E-4,0.02358,0.02483,15.849,0.193,-0.001,0.034,-0.498,0.282,15.924,0.075,0,0,0,0,0,0,1,"SN 1998eg",339.87621,8.60572
577,"AT2016cvw","FOUND",0.03787,8.7E-4,0.03761,0.03888,16.753,0.205,0.021,0.043,-1.832,0.184,17.078,0.066,0,0,0,0,0,0,1,"AT2016cvw",341.55337,10.559
486,"SNF20080909-030","LOSS1",0.0311,8.6E-4,0.03013,0.03134,16.312,0.182,-0.037,0.031,1.091,0.136,16.098,0.052,0,0,0,0,0,0,1,"SNF20080909-030",330.456,13.05519
421,"2007su","CfA4p1",0.0274,8.6E-4,0.0266,0.02783,16.051,0.352,0.175,0.036,0.245,0.351,16.655,0.068,0,0,0,1,2,0,1,"SN 2007su",334.78702,13.17775
848,"5103","SDSS",0.16077,9.7E-4,0.1606,0.16199,19.963,0.208,0.02,0.027,-0.229,0.153,20.111,0.035,1,1,0,1,0,0,1,"SDSS-II SN 5103",359.884,0.73692
1278,"6924","SDSS",0.32871,0.00512,0.3286,0.3302,21.675,0.221,-0.072,0.043,0.965,0.793,21.389,0.048,1,1,0,1,0,0,1,"SDSS-II SN 6924",358.96933,0.87697
232,"2007fb","LOSS2",0.01733,8.5E-4,0.0168,0.01803,15.148,0.22,-0.029,0.025,-1.558,0.082,15.363,0.041,0,0,0,1,2,0,1,"SN 2007fb",359.21821,5.50883
233,"2007fb","CfA4p1",0.01733,8.5E-4,0.0168,0.01803,15.257,0.23,-0.119,0.032,-1.642,0.209,15.259,0.052,0,0,0,1,2,0,1,"SN 2007fb",359.21821,5.50883
227,"2001da","LOSS1",0.01718,8.5E-4,0.01658,0.01782,14.769,0.308,0.121,0.044,-0.686,0.075,15.202,0.049,0,0,0,0,0,0,1,"SN 2001da",358.38658,8.11739
228,"2001da","CfA3S",0.01718,8.5E-4,0.01658,0.01782,14.947,0.324,0.076,0.036,-0.564,0.891,15.237,0.058,0,0,0,0,0,0,1,"SN 2001da",358.38658,8.11739
542,"1996bl","CfA1",0.03459,8.7E-4,0.03481,0.036,16.482,0.153,-0.019,0.032,-0.153,0.11,16.45,0.064,1,0,0,0,0,0,1,"SN 1996bl",9.07487,11.39458
595,"SN2016glz","FOUND",0.04077,8.7E-4,0.03975,0.04099,16.739,0.209,-0.003,0.037,1.119,0.263,16.626,0.059,0,0,0,0,0,0,1,"SN2016glz",1.47329,8.43016
563,"2000dg","LOSS1",0.03697,8.7E-4,0.03725,0.03849,16.822,0.288,-0.128,0.063,-1.333,0.428,16.755,0.088,0,0,0,0,0,0,1,"SN 2000dg",1.55754,8.88819
218,"2007A","CSP",0.01682,8.5E-4,0.01646,0.01765,15.212,0.357,0.117,0.025,0.569,0.103,15.442,0.047,0,0,1,1,2,0,1,"SN 2007A",6.31942,12.88681
219,"2007A","CfA4p1",0.01682,8.5E-4,0.01646,0.01765,15.281,0.341,0.063,0.033,0.393,0.201,15.391,0.055,0,0,1,1,2,0,1,"SN 2007A",6.31942,12.88681
432,"2011hb","SOUSA",0.0282,8.9E-4,0.02775,0.02901,16.034,0.292,0.033,0.062,0.15,0.36,16.095,0.06,0,0,0,0,0,0,1,"SN 2011hb",351.98129,8.77936
401,"PSNJ2352371","FOUND",0.02596,8.5E-4,0.02525,0.02648,16.148,0.199,-0.014,0.04,-2.039,0.137,16.432,0.051,0,0,0,0,0,1,1,"PSN J23523718+1433092",358.155,14.5526
467,"Gaia16bba","FOUND",0.0299,8.6E-4,0.02934,0.03046,16.182,0.183,-0.062,0.036,0.008,0.128,16.067,0.054,0,0,0,0,0,0,1,"Gaia16bba",15.39808,17.10119
718,"AT2016gsu","FOUND",0.07575,9.0E-4,0.07529,0.07642,18.293,0.215,-0.114,0.047,-1.91,0.568,18.323,0.053,0,0,0,0,0,0,1,"AT2016gsu",17.10246,21.1516
414,"SNF20071021-000","LOSS1",0.02714,8.7E-4,0.0264,0.0276,16.069,0.214,0.002,0.028,-0.785,0.081,16.254,0.048,0,0,0,0,0,0,1,"SNF20071021-000",3.75037,16.33315
290,"AT2016eoa","FOUND",0.02106,8.5E-4,0.01993,0.02109,15.416,0.229,0.007,0.041,-1.575,0.163,15.69,0.058,0,0,0,0,0,0,1,"AT2016eoa",5.34625,22.43564
150,"2007hj","LOSS1",0.01325,8.5E-4,0.01288,0.01411,14.715,0.302,0.099,0.031,-2.3,0.066,15.336,0.059,0,0,1,0,0,0,1,"SN 2007hj",345.44954,15.5865
151,"2007hj","CSP",0.01325,8.5E-4,0.01288,0.01411,14.732,0.298,0.095,0.027,-2.067,0.042,15.306,0.055,0,0,1,0,0,0,1,"SN 2007hj",345.44954,15.5865
152,"2007hj","CfA4p1",0.01325,8.5E-4,0.01288,0.01411,14.672,0.303,0.106,0.031,-2.205,0.063,15.298,0.06,0,0,1,0,0,0,1,"SN 2007hj",345.44954,15.5865
199,"2009nq","CfA4p2",0.01576,8.5E-4,0.01527,0.01649,14.913,0.286,0.007,0.049,-0.524,0.793,15.014,0.095,0,0,0,1,2,0,1,"SN 2009nq",348.82086,19.02266
682,"SN2016hhv","FOUND",0.06121,9.0E-4,0.06067,0.06194,17.885,0.196,-0.182,0.053,-0.771,0.386,17.618,0.091,0,0,0,0,0,0,1,"SN2016hhv",353.95196,20.70878
120,"2002dp","CfA3S",0.01061,8.4E-4,0.01049,0.01169,14.128,0.308,0.077,0.029,-0.126,0.222,14.359,0.043,1,0,0,0,2,0,1,"SN 2002dp",352.12543,22.42724
121,"2002dp","LOSS1",0.01061,8.4E-4,0.01049,0.01169,14.04,0.273,0.007,0.021,-0.883,0.035,14.199,0.036,1,0,0,0,2,0,1,"SN 2002dp",352.12543,22.42724
733,"SN2016glp","FOUND",0.0841,9.1E-4,0.08366,0.08493,18.716,0.22,0.136,0.044,0.969,0.354,18.879,0.067,0,0,0,0,0,0,1,"SN2016glp",354.05833,23.69592
469,"2004ef","LOSS1",0.03012,8.6E-4,0.02978,0.03101,16.267,0.194,0.039,0.028,-1.248,0.127,16.555,0.045,0,0,1,1,2,0,1,"SN 2004ef",340.54175,19.99441
470,"2004ef","CSP",0.03012,8.6E-4,0.02978,0.03101,16.231,0.197,0.052,0.022,-1.422,0.023,16.58,0.037,0,0,1,1,2,0,1,"SN 2004ef",340.54175,19.99441
471,"2004ef","CfA3K",0.03012,8.6E-4,0.02978,0.03101,16.223,0.232,0.071,0.034,-1.658,0.189,16.656,0.047,0,0,1,1,2,0,1,"SN 2004ef",340.54175,19.99441
352,"2006sr","CfA3K",0.02388,8.5E-4,0.02307,0.02425,15.742,0.179,-0.015,0.032,-1.366,0.117,15.914,0.061,1,0,0,0,2,0,1,"SN 2006sr",0.89593,23.19602
383,"2003it","CfA3S",0.0251,8.5E-4,0.02413,0.02528,15.826,0.204,0.026,0.033,-1.567,0.16,16.133,0.052,0,0,0,0,2,0,1,"SN 2003it",1.45218,27.45239
347,"2007qe","LOSS1",0.02357,8.5E-4,0.0228,0.02396,15.788,0.205,-0.017,0.027,0.346,0.07,15.749,0.036,1,0,0,0,0,0,1,"SN 2007qe",358.55408,27.40916
348,"2007qe","CfA3K",0.02357,8.5E-4,0.0228,0.02396,15.698,0.258,0.045,0.027,0.683,0.045,15.809,0.036,1,0,0,0,0,0,1,"SN 2007qe",358.55408,27.40916
550,"ASASSN-15tg","FOUND",0.03529,8.6E-4,0.03445,0.03561,16.608,0.166,-0.053,0.034,1.542,0.232,16.252,0.04,0,0,0,0,0,1,1,"ASASSN-15tg",5.17108,25.22906
468,"1997dg","CfA2",0.02996,8.6E-4,0.02962,0.03081,16.608,0.191,-0.028,0.031,-0.316,0.175,16.63,0.053,1,0,0,0,0,0,1,"SN 1997dg",355.05921,26.20328
460,"2000cw","LOSS1",0.02949,8.6E-4,0.02896,0.03013,16.355,0.223,-0.035,0.044,-0.841,0.119,16.436,0.052,0,0,0,0,0,0,1,"SN 2000cw",356.85458,28.38772
213,"2013Q","SOUSA",0.01657,8.5E-4,0.01612,0.01727,14.72,0.414,0.118,0.059,-0.184,0.679,15.222,0.073,0,0,0,0,0,0,1,"SN 2013Q",356.783,29.4865
519,"SN2016hpx","FOUND",0.03282,9.8E-4,0.0337,0.03338,16.38,0.202,-0.029,0.037,0.836,0.169,16.231,0.048,0,0,0,0,0,0,1,"SN2016hpx",90.81942,-26.89856
380,"Gaia16agf","FOUND",0.02509,8.6E-4,0.02553,0.02507,15.962,0.267,0.038,0.034,1.364,0.146,15.974,0.053,0,0,0,0,0,0,1,"Gaia16agf",98.53742,-25.18461
693,"AT2016aj","FOUND",0.06725,8.9E-4,0.06731,0.06741,17.981,0.201,0.014,0.044,-1.04,0.353,18.15,0.053,0,0,0,0,0,0,1,"AT2016aj",70.60271,-21.72433
331,"2017hoq","CNIa0.02",0.02303,8.6E-4,0.0235,0.02341,15.732,0.189,-0.063,0.026,0.781,0.13,15.494,0.05,0,0,0,0,0,0,1,"SN 2017hoq",79.83454,-17.61159
128,"2010ko","SOUSA",0.01122,8.4E-4,0.01096,0.01082,14.582,0.353,0.013,0.051,-2.463,0.13,15.074,0.088,0,0,0,0,0,0,1,"SN 2010ko",83.206,-14.09608
129,"2013ex","LOSS2",0.01122,8.4E-4,0.01096,0.01082,14.181,0.282,-0.037,0.034,-0.341,0.066,14.187,0.087,0,0,0,0,0,0,1,"SN 2013ex",83.19425,-14.04595
130,"2013ex","SOUSA",0.01122,8.4E-4,0.01096,0.01082,14.242,0.324,-0.093,0.053,-0.407,0.239,14.117,0.089,0,0,0,0,0,0,1,"SN 2013ex",83.19425,-14.04595
557,"ASASSN-15ss","FOUND",0.03599,8.7E-4,0.03592,0.03556,16.738,0.185,-0.121,0.05,0.794,0.232,16.344,0.134,0,0,0,0,0,1,1,"ASASSN-15ss",93.13916,-14.25748
73,"2003kf","CfA3S",0.00795,8.4E-4,0.00769,0.00739,13.389,0.362,-0.021,0.052,0.525,0.066,13.312,0.17,0,0,0,0,0,0,1,"SN 2003kf",91.14758,-12.62856
39,"2018gv","CNIa0.02",0.00602,8.5E-4,0.00596,0.0051,12.687,0.343,-0.067,0.023,0.398,0.083,12.469,0.041,0,0,0,0,0,0,1,"SN 2018gv",121.394,-11.4379
40,"2018gv","LOSS2",0.00602,8.5E-4,0.00596,0.0051,12.814,0.343,-0.112,0.022,0.59,0.041,12.468,0.04,0,0,0,0,0,0,1,"SN 2018gv",121.394,-11.4379
41,"2018gv","FOUND",0.00602,8.5E-4,0.00596,0.0051,12.657,0.349,-0.112,0.031,0.121,0.054,12.383,0.046,0,0,0,0,0,0,1,"SN 2018gv",121.394,-11.4379
491,"MASTEROTJ08","FOUND",0.03118,8.7E-4,0.03156,0.03059,16.415,0.172,-0.038,0.041,-0.018,0.176,16.329,0.064,0,0,0,0,0,1,1,"SN 2017cgr",128.23717,-3.85781
492,"2007bd","LOSS2",0.0312,8.7E-4,0.03141,0.03044,16.243,0.174,-0.057,0.033,-1.205,0.225,16.29,0.042,0,0,0,0,0,0,1,"SN 2007bd",127.88667,-1.19778
493,"2007bd","CSP",0.0312,8.7E-4,0.03141,0.03044,16.326,0.146,-0.102,0.023,-1.078,0.039,16.255,0.029,0,0,0,0,0,0,1,"SN 2007bd",127.88667,-1.19778
494,"2007bd","CfA3K",0.0312,8.7E-4,0.03141,0.03044,16.231,0.151,-0.054,0.027,-1.443,0.065,16.32,0.034,0,0,0,0,0,0,1,"SN 2007bd",127.88667,-1.19778
695,"CSS160129","FOUND",0.06844,0.00134,0.06841,0.06766,17.985,0.189,-0.166,0.039,0.69,0.195,17.525,0.053,0,0,0,0,0,0,1,"CRTS CSS160129 J074030+105600",115.12354,10.93331
456,"ASASSN-16ay","FOUND",0.02938,8.6E-4,0.02895,0.02835,16.369,0.299,0.205,0.037,0.979,0.174,16.784,0.059,0,0,0,0,0,1,1,"ASASSN-16ay",108.05977,7.23978
455,"2003ch","CfA3S",0.02919,8.7E-4,0.02895,0.02833,16.349,0.168,-0.033,0.03,-1.308,0.152,16.469,0.05,1,0,0,1,2,0,1,"SN 2003ch",109.49121,9.69301
462,"ASASSN-16aj","FOUND",0.02953,8.6E-4,0.03053,0.03075,16.212,0.176,-0.02,0.037,-1.768,0.159,16.431,0.05,0,0,0,0,0,0,1,"ASASSN-16aj",65.45089,-15.75535
574,"ASASSN-15bc","FOUND",0.03753,8.7E-4,0.03639,0.03672,16.696,0.261,0.056,0.032,0.568,0.159,16.865,0.043,0,0,0,0,0,1,1,"ASASSN-15bc",61.561,-8.88563
142,"2001ep","LOSS1",0.01283,8.6E-4,0.01306,0.01312,14.384,0.286,0.001,0.027,-0.895,0.039,14.593,0.04,1,0,0,0,0,0,1,"SN 2001ep",74.25108,-4.76117
143,"2001ep","CfA3S",0.01283,8.6E-4,0.01306,0.01312,14.25,0.33,0.06,0.027,-0.953,0.06,14.666,0.04,1,0,0,0,0,0,1,"SN 2001ep",74.25108,-4.76117
214,"iPTF13dge","SOUSA",0.01662,8.5E-4,0.01581,0.01586,15.026,0.261,-0.087,0.048,-0.12,0.146,14.845,0.063,0,0,0,0,0,0,1,"iPTF13dge",75.89617,1.5715
661,"PS16n","FOUND",0.05309,8.8E-4,0.05268,0.05273,17.522,0.159,-0.06,0.043,-0.328,0.2,17.427,0.063,0,0,0,0,0,0,1,"PS16n",75.93329,3.41247
180,"2005el","LOSS1",0.01499,8.6E-4,0.01483,0.01484,14.721,0.228,-0.142,0.029,-1.32,0.049,14.627,0.069,1,0,1,1,0,0,1,"SN 2005el",77.95316,5.19417
181,"2005el","CfA3K",0.01499,8.6E-4,0.01483,0.01484,14.673,0.23,-0.102,0.032,-1.371,0.034,14.672,0.072,1,0,1,1,0,0,1,"SN 2005el",77.95316,5.19417
437,"2009ad","CfA4p1",0.02844,8.6E-4,0.02834,0.0284,16.119,0.158,-0.082,0.031,0.148,0.075,15.903,0.069,0,0,1,1,2,0,1,"SN 2009ad",75.88908,6.65992
438,"2009ad","CSP",0.02844,8.6E-4,0.02834,0.0284,16.089,0.154,-0.069,0.027,0.177,0.032,15.893,0.065,0,0,1,1,2,0,1,"SN 2009ad",75.88908,6.65992
480,"PS15cwx","FOUND",0.03086,8.7E-4,0.03007,0.03007,16.163,0.183,-0.076,0.044,-1.431,0.088,16.203,0.104,0,0,0,0,0,1,1,"PS15cwx",78.6992,7.0504
589,"ASASSN-15pn","FOUND",0.03909,8.7E-4,0.038,0.03836,16.943,0.219,0.001,0.038,0.381,0.181,16.952,0.065,0,0,0,0,0,1,1,"ASASSN-15pn",60.85967,-5.49203
144,"2013gy","LOSS2",0.01303,8.5E-4,0.01309,0.01355,14.483,0.238,-0.024,0.021,-0.514,0.035,14.505,0.04,0,0,0,0,0,0,1,"SN 2013gy",55.5703,-4.7218
145,"2013gy","SOUSA",0.01303,8.5E-4,0.01309,0.01355,14.508,0.286,-0.094,0.046,-0.93,0.118,14.435,0.049,0,0,0,0,0,0,1,"SN 2013gy",55.5703,-4.7218
134,"2009kk","CfA4p2",0.0122,8.6E-4,0.01244,0.01286,14.449,0.265,-0.121,0.036,-1.335,0.084,14.404,0.086,0,0,0,1,2,0,1,"SN 2009kk",57.43446,-3.26442
779,"2992","SDSS",0.12623,9.4E-4,0.12608,0.12661,19.243,0.292,0.109,0.031,-0.957,0.142,19.825,0.057,1,1,0,1,0,0,1,"SDSS-II SN 2992",55.4973,-0.78292
131,"2009ab","CSP",0.01155,8.5E-4,0.01189,0.01219,14.33,0.28,-0.048,0.037,-1.002,0.047,14.409,0.12,0,0,1,0,0,0,1,"SN 2009ab",64.15162,2.76417
427,"2006gj","CSP",0.02803,8.6E-4,0.0277,0.0283,16.473,0.321,0.24,0.027,-2.108,0.077,17.377,0.053,0,0,1,0,0,0,1,"SN 2006gj",49.39917,-1.69172
928,"2246","SDSS",0.19434,0.00111,0.19422,0.1949,20.626,0.22,0.076,0.037,0.329,0.366,20.747,0.053,1,1,0,1,0,0,1,"SDSS-II SN 2246",50.09042,-0.88558
792,"14108","SDSS",0.13477,0.00509,0.13463,0.1352,19.984,0.198,0.004,0.031,0.241,0.148,19.959,0.076,1,1,0,1,0,0,1,"SDSS-II SN 14108",53.5947,-1.12314
810,"2635","SDSS",0.14325,0.00108,0.14311,0.1437,19.794,0.158,-0.046,0.026,0.859,0.136,19.598,0.054,1,1,0,1,0,0,1,"SDSS-II SN 2635",52.704,-1.23761
1209,"5391","SDSS",0.3003,0.00119,0.30022,0.3009,21.627,0.246,-0.022,0.058,0.312,0.591,21.483,0.081,1,1,0,1,0,0,1,"SDSS-II SN 5391",52.34192,-1.09472
691,"6057","SDSS",0.06654,8.9E-4,0.06652,0.06707,17.91,0.295,0.112,0.029,-0.423,0.109,18.442,0.066,1,1,0,1,0,0,1,"SDSS-II SN 6057",52.5537,-0.97449
843,"15425","SDSS",0.15948,9.7E-4,0.15935,0.1599,19.838,0.14,0.0,0.025,0.985,0.169,19.697,0.053,1,1,0,1,0,0,1,"SDSS-II SN 15425",55.56083,0.47833
782,"14871","SDSS",0.1272,0.00106,0.12705,0.1276,19.49,0.157,-0.054,0.024,1.265,0.113,19.219,0.049,1,1,0,1,0,0,1,"SDSS-II SN 14871",54.2769,0.00927
876,"14979","SDSS",0.17666,0.0011,0.17654,0.1771,20.263,0.133,-0.116,0.027,0.234,0.142,19.956,0.05,1,1,0,1,0,0,1,"SDSS-II SN 14979",54.9465,0.99213
894,"17215","SDSS",0.18092,9.9E-4,0.1808,0.18137,20.368,0.206,0.02,0.04,0.291,0.425,20.364,0.067,1,1,0,1,0,0,1,"SDSS-II SN 17215",54.92637,1.09228
1006,"7512","SDSS",0.22066,0.0051,0.22055,0.2212,20.935,0.224,-0.001,0.04,0.512,0.377,20.882,0.062,1,1,0,1,0,0,1,"SDSS-II SN 7512",52.09033,-0.32614
1236,"15213","SDSS",0.31061,0.0012,0.31053,0.3112,21.743,0.22,-0.086,0.059,-0.072,0.624,21.51,0.078,1,1,0,1,0,0,1,"SDSS-II SN 15213",53.01917,-0.10017
575,"2007jg","LOSS2",0.03756,8.6E-4,0.03652,0.03707,17.08,0.169,-0.105,0.033,-0.411,0.256,16.923,0.073,1,1,1,0,0,0,0,"SN 2007jg",52.46171,0.05683
576,"2007jg","CSP",0.03756,8.6E-4,0.03652,0.03707,16.966,0.169,-0.035,0.026,-0.554,0.058,16.997,0.061,1,1,1,0,0,0,0,"SN 2007jg",52.46171,0.05683
770,"18835","SDSS",0.12278,9.4E-4,0.12262,0.12319,19.432,0.142,-0.007,0.026,0.76,0.111,19.306,0.062,1,1,0,1,0,0,1,"SDSS-II SN 18835",53.68517,0.35553
1185,"19596","SDSS",0.29045,0.00119,0.29036,0.291,21.533,0.229,-0.037,0.049,0.876,0.621,21.334,0.071,1,1,0,1,0,0,1,"SDSS-II SN 19596",53.88429,0.70336
1068,"3377","SDSS",0.24459,0.00115,0.24449,0.2451,20.873,0.184,-0.077,0.037,1.045,0.313,20.579,0.058,1,1,0,1,0,0,1,"SDSS-II SN 3377",54.15621,1.07917
600,"2007jh","CSP",0.04167,8.7E-4,0.04023,0.04075,17.307,0.279,0.189,0.029,-1.97,0.121,18.058,0.062,0,1,0,0,0,0,0,"SN 2007jh",54.00625,1.10472
1161,"18485","SDSS",0.28132,0.00118,0.28122,0.282,21.369,0.173,-0.088,0.04,1.351,0.421,21.04,0.052,1,1,0,1,0,0,1,"SDSS-II SN 18485",47.95908,-0.69242
889,"14284","SDSS",0.1805,9.9E-4,0.18037,0.18107,20.116,0.135,-0.069,0.027,-0.286,0.174,19.985,0.04,1,1,0,1,0,0,1,"SDSS-II SN 14284",49.04917,-0.60083
896,"15443","SDSS",0.18136,9.9E-4,0.18123,0.18191,20.234,0.131,-0.039,0.025,1.582,0.183,19.958,0.041,1,1,0,1,0,0,1,"SDSS-II SN 15443",49.8674,-0.31799
760,"5395","SDSS",0.11653,0.00106,0.11635,0.117,19.377,0.184,-0.014,0.024,1.184,0.136,19.234,0.045,1,1,0,1,0,0,1,"SDSS-II SN 5395",49.6409,0.12334
1191,"21006","SDSS",0.29251,0.00511,0.29241,0.2932,21.385,0.227,-0.126,0.041,-0.125,0.801,21.105,0.051,1,1,0,1,0,0,1,"SDSS-II SN 21006",47.94179,0.09192
783,"18855","SDSS",0.12732,9.4E-4,0.12716,0.12783,19.531,0.175,-0.023,0.025,0.249,0.145,19.489,0.055,0,0,0,1,0,0,1,"SDSS-II SN 18855",48.6337,0.26896
982,"18927","SDSS",0.21225,0.00113,0.21214,0.2129,20.684,0.242,0.119,0.042,-0.579,0.39,21.013,0.057,1,1,0,1,0,0,1,"SDSS-II SN 18927",46.6825,-0.75403
915,"18807","SDSS",0.18728,0.00111,0.18714,0.1879,20.516,0.134,-0.032,0.028,0.465,0.247,20.361,0.049,1,1,0,1,0,0,1,"SDSS-II SN 18807",46.64096,0.79331
761,"2561","SDSS",0.1176,9.3E-4,0.11741,0.11813,19.32,0.238,0.042,0.026,-0.089,0.115,19.552,0.049,1,1,0,0,0,0,1,"SDSS-II SN 2561",46.34342,0.85836
1120,"19702","SDSS",0.26173,0.00116,0.26162,0.2624,21.428,0.232,-0.057,0.052,-1.089,0.477,21.376,0.071,1,1,0,1,0,0,1,"SDSS-II SN 19702",47.75483,0.35675
1003,"18466","SDSS",0.21978,0.00113,0.21967,0.2204,20.835,0.171,0.024,0.036,-0.105,0.251,20.875,0.056,1,1,0,1,0,0,1,"SDSS-II SN 18466",48.4185,0.62997
785,"1032","SDSS",0.12921,9.4E-4,0.12904,0.12976,19.587,0.211,0.053,0.039,-2.539,0.204,20.109,0.056,1,1,0,1,0,0,1,"SDSS-II SN 1032",46.79583,1.11972
678,"LSQ13crf","SOUSA",0.05974,0.00508,0.05934,0.06,17.047,0.617,0.079,0.104,0.167,1.285,17.317,0.091,0,0,0,0,0,0,1,"LSQ13crf",47.70929,1.42192
788,"18809","SDSS",0.13169,9.4E-4,0.13153,0.13216,19.549,0.132,-0.073,0.028,-1.168,0.182,19.547,0.062,0,0,0,1,0,0,1,"SDSS-II SN 18809",50.88042,0.66722
977,"14157","SDSS",0.21095,0.00113,0.21083,0.2115,20.553,0.153,-0.05,0.036,1.164,0.275,20.277,0.064,1,1,0,1,0,0,1,"SDSS-II SN 14157",51.13667,1.0225
526,"2008gp","CSP",0.03333,8.8E-4,0.03245,0.03303,16.411,0.149,-0.162,0.027,-0.14,0.026,16.07,0.069,0,0,1,1,2,0,1,"SN 2008gp",50.75304,1.36189
527,"2008gp","LOSS2",0.03333,8.8E-4,0.03245,0.03303,16.474,0.16,-0.131,0.031,-0.205,0.339,16.209,0.073,0,0,1,1,2,0,1,"SN 2008gp",50.75304,1.36189
592,"PS15cze","FOUND",0.04035,8.7E-4,0.03891,0.03937,17.296,0.233,0.03,0.048,-1.512,0.24,17.597,0.123,0,0,0,0,0,1,1,"PS15cze",56.84762,0.87717
929,"20821","SDSS",0.19546,0.00112,0.19534,0.1959,20.881,0.403,0.219,0.071,-1.428,1.189,21.537,0.103,0,0,0,0,0,0,1,"SDSS-II SN 20821",55.5724,1.06227
1055,"18486","SDSS",0.23981,0.0012,0.23971,0.2403,20.877,0.179,-0.101,0.036,1.076,0.267,20.523,0.054,1,1,0,1,0,0,1,"SDSS-II SN 18486",55.18004,1.00306
260,"2006kf","CSP",0.01947,8.5E-4,0.01955,0.02004,15.522,0.194,-0.079,0.042,-2.072,0.057,15.654,0.135,0,0,1,0,2,0,1,"SN 2006kf",55.46033,8.15694
261,"2006kf","CfA3K",0.01947,8.5E-4,0.01955,0.02004,15.556,0.194,-0.078,0.045,-2.297,0.106,15.724,0.136,0,0,1,0,2,0,1,"SN 2006kf",55.46033,8.15694
211,"2010kg","SOUSA",0.01652,8.5E-4,0.01595,0.01614,14.747,0.334,0.108,0.057,-1.286,0.191,15.233,0.096,0,0,0,0,0,0,1,"SN 2010kg",70.035,7.35
423,"2005na","CSP",0.02748,8.6E-4,0.02717,0.02665,15.86,0.171,-0.13,0.024,-0.436,0.031,15.649,0.047,1,0,1,1,0,0,1,"SN 2005na",105.40258,14.13325
424,"2005na","CfA3K",0.02748,8.6E-4,0.02717,0.02665,15.901,0.185,-0.073,0.032,-0.362,0.098,15.807,0.058,1,0,1,1,0,0,1,"SN 2005na",105.40258,14.13325
425,"2005na","LOSS1",0.02748,8.6E-4,0.02717,0.02665,15.859,0.168,-0.088,0.025,-0.32,0.082,15.729,0.05,1,0,1,1,0,0,1,"SN 2005na",105.40258,14.13325
235,"2008C","CSP",0.01737,8.5E-4,0.01709,0.01662,15.057,0.262,0.087,0.026,-0.696,0.079,15.399,0.055,0,0,1,1,0,0,1,"SN 2008C",104.29804,20.43714
236,"2008C","CfA4p1",0.01737,8.5E-4,0.01709,0.01662,15.014,0.261,0.083,0.031,-0.758,0.119,15.354,0.06,0,0,1,1,0,0,1,"SN 2008C",104.29804,20.43714
482,"2001ba","LOWZ",0.03096,8.7E-4,0.03136,0.03022,16.395,0.205,-0.199,0.041,0.163,0.092,15.933,0.047,1,0,0,0,0,0,1,"SN 2001ba",174.50733,-32.33083
31,"2018aoz","LOSS2",0.00548,8.5E-4,0.00701,0.00587,12.475,0.501,-0.118,0.03,-1.126,0.069,12.401,0.057,0,0,0,0,0,0,1,"SN 2018aoz",177.758,-28.7441
466,"ATLAS17ajn","FOUND",0.02978,8.6E-4,0.02988,0.02871,16.259,0.189,-0.115,0.044,-2.027,0.13,16.299,0.079,0,0,0,0,0,1,1,"ATLAS17ajn",176.11054,-28.45756
525,"ASASSN-16bc","FOUND",0.03298,8.7E-4,0.03314,0.03194,16.363,0.166,-0.159,0.033,0.593,0.121,15.917,0.047,0,0,0,0,0,1,1,"ASASSN-16bc",181.35761,-21.40033
711,"PS15atx","FOUND",0.07252,9.3E-4,0.07301,0.07188,18.37,0.304,-0.18,0.056,-1.437,0.895,18.195,0.083,0,0,0,0,0,1,1,"PS15atx",195.82742,-23.06578
104,"2002dj","LOSS1",0.00957,8.7E-4,0.01051,0.00945,13.648,0.308,-0.017,0.029,-0.285,0.06,13.652,0.061,0,0,0,0,0,0,1,"SN 2002dj",198.25142,-19.51908
105,"2002dj","CfA3S",0.00957,8.7E-4,0.01051,0.00945,13.612,0.333,0.053,0.029,0.071,0.129,13.749,0.061,0,0,0,0,0,0,1,"SN 2002dj",198.25142,-19.51908
99,"2013cs","SOUSA",0.00935,8.4E-4,0.01029,0.00924,13.082,0.4,0.054,0.046,-0.333,0.153,13.397,0.065,0,0,0,0,0,0,1,"SN 2013cs",198.81171,-17.96544
359,"2000bh","LOWZ",0.02412,8.7E-4,0.02421,0.02304,15.625,0.222,-0.005,0.028,-0.113,0.071,15.691,0.044,0,0,0,0,0,0,1,"SN 2000bh",185.31308,-21.99881
92,"1997bp","CfA2",0.00864,8.5E-4,0.00931,0.00817,13.167,0.424,0.115,0.028,-0.057,0.056,13.658,0.042,0,0,0,0,0,0,1,"SN 1997bp",191.72396,-11.64256
173,"2005bo","CSP",0.01463,8.5E-4,0.01503,0.01389,14.502,0.39,0.194,0.024,-1.124,0.118,15.38,0.035,1,0,1,1,2,0,1,"SN 2005bo",192.42096,-11.0965
174,"2005bo","LOSS1",0.01463,8.5E-4,0.01503,0.01389,14.466,0.392,0.223,0.028,-1.129,0.1,15.43,0.04,1,0,1,1,2,0,1,"SN 2005bo",192.42096,-11.0965
431,"2009aa","CSP",0.02819,8.8E-4,0.02827,0.02705,16.064,0.171,-0.08,0.022,-0.776,0.028,16.018,0.028,0,0,1,0,0,0,1,"SN 2009aa",170.92617,-22.27069
161,"ASASSN-16dn","FOUND",0.01411,8.5E-4,0.01406,0.01285,14.568,0.249,-0.093,0.031,0.476,0.076,14.312,0.042,0,0,0,0,0,0,1,"ASASSN-16dn",162.20599,-20.26363
687,"SN2016aqb","FOUND",0.06384,8.9E-4,0.06419,0.06289,17.767,0.153,-0.103,0.034,0.768,0.261,17.433,0.042,0,0,0,0,0,0,1,"SN2016aqb",170.49321,-13.98367
238,"2006ax","CfA3K",0.01747,8.6E-4,0.01774,0.01649,15.07,0.198,-0.091,0.027,0.281,0.037,14.817,0.04,1,0,1,1,2,0,1,"SN 2006ax",171.01442,-12.29144
239,"2006ax","CSP",0.01747,8.6E-4,0.01774,0.01649,15.06,0.196,-0.127,0.022,0.169,0.024,14.751,0.034,1,0,1,1,2,0,1,"SN 2006ax",171.01442,-12.29144
34,"2007sr","LOSS1",0.00571,8.4E-4,0.0066,0.00542,12.427,0.375,0.017,0.027,0.105,0.051,12.464,0.043,0,0,1,0,0,0,1,"SN 2007sr",180.47,-18.97269
35,"2007sr","CfA3K",0.00571,8.4E-4,0.0066,0.00542,12.376,0.385,0.047,0.027,0.057,0.042,12.499,0.041,0,0,1,0,0,0,1,"SN 2007sr",180.47,-18.97269
268,"2009ds","CSP",0.02019,8.6E-4,0.02033,0.01909,15.254,0.232,0.062,0.023,1.255,0.124,15.233,0.031,0,0,1,1,2,0,1,"SN 2009ds",177.26712,-9.72914
269,"2009ds","CfA4p1",0.02019,8.6E-4,0.02033,0.01909,15.449,0.191,-0.061,0.032,0.471,0.133,15.231,0.043,0,0,1,1,2,0,1,"SN 2009ds",177.26712,-9.72914
323,"ASASSN-17aj","FOUND",0.02255,8.6E-4,0.02253,0.02127,15.478,0.242,0.006,0.033,0.141,0.132,15.558,0.044,0,0,0,0,0,0,1,"ASASSN-17aj",173.29375,-10.22177
165,"2007ca","LOSS1",0.01442,8.5E-4,0.01509,0.01406,15.084,0.37,0.151,0.024,0.724,0.126,15.566,0.048,0,0,1,1,2,0,1,"SN 2007ca",202.77421,-15.10183
166,"2007ca","CSP",0.01442,8.5E-4,0.01509,0.01406,14.925,0.396,0.204,0.024,0.568,0.032,15.62,0.044,0,0,1,1,2,0,1,"SN 2007ca",202.77421,-15.10183
167,"2007ca","CfA3K",0.01442,8.5E-4,0.01509,0.01406,14.999,0.396,0.207,0.028,0.547,0.068,15.707,0.048,0,0,1,1,2,0,1,"SN 2007ca",202.77421,-15.10183
96,"2006D","LOSS1",0.00925,8.4E-4,0.00966,0.00853,13.638,0.285,-0.026,0.028,-1.307,0.063,13.827,0.042,0,0,1,0,0,0,1,"SN 2006D",193.14111,-9.77519
97,"2006D","CSP",0.00925,8.4E-4,0.00966,0.00853,13.644,0.282,-0.029,0.024,-1.589,0.031,13.868,0.034,0,0,1,0,0,0,1,"SN 2006D",193.14111,-9.77519
98,"2006D","CfA3K",0.00925,8.4E-4,0.00966,0.00853,13.663,0.284,-0.027,0.028,-1.509,0.051,13.879,0.04,0,0,1,0,0,0,1,"SN 2006D",193.14111,-9.77519
474,"ASASSN-16fo","FOUND",0.03036,8.8E-4,0.02994,0.0289,16.227,0.172,-0.127,0.033,0.623,0.178,15.845,0.042,0,0,0,0,0,0,1,"ASASSN-16fo",203.14922,-5.27259
555,"1994T","CfA1",0.03583,8.6E-4,0.03564,0.03457,16.68,0.202,0.032,0.032,-1.513,0.152,16.986,0.046,0,0,0,0,0,0,1,"SN 1994T",200.37804,-2.14903
100,"1999cp","LOSS1",0.00954,8.6E-4,0.00998,0.00907,13.787,0.268,-0.045,0.039,0.024,0.039,13.678,0.035,0,0,0,0,0,0,1,"SN 1999cp",211.63042,-5.44694
101,"1999cp","LOWZ",0.00954,8.6E-4,0.00998,0.00907,13.961,0.252,-0.109,0.026,0.287,0.083,13.669,0.032,0,0,0,0,0,0,1,"SN 1999cp",211.63042,-5.44694
102,"2002cr","LOSS1",0.00954,8.6E-4,0.00998,0.00907,13.978,0.25,-0.068,0.018,-0.603,0.026,13.909,0.025,0,0,0,1,0,0,1,"SN 2002cr",211.65662,-5.43942
103,"2002cr","CfA3S",0.00954,8.6E-4,0.00998,0.00907,13.994,0.253,-0.034,0.026,-0.376,0.06,13.971,0.033,0,0,0,1,0,0,1,"SN 2002cr",211.65662,-5.43942
665,"PS16ayd","FOUND",0.05469,8.8E-4,0.05485,0.05399,17.605,0.147,-0.132,0.034,0.922,0.207,17.168,0.046,0,0,0,0,0,0,1,"PS16ayd",216.82667,-1.67528
44,"2007af","LOSS1",0.00625,8.4E-4,0.00635,0.00552,12.814,0.325,-0.02,0.026,-0.533,0.035,12.85,0.037,0,0,1,0,0,0,1,"SN 2007af",215.58762,-0.39378
45,"2007af","SOUSA",0.00625,8.4E-4,0.00635,0.00552,12.749,0.361,0.032,0.038,-0.445,0.044,12.906,0.039,0,0,1,0,0,0,1,"SN 2007af",215.58762,-0.39378
46,"2007af","CSP",0.00625,8.4E-4,0.00635,0.00552,12.847,0.322,-0.046,0.022,-0.558,0.026,12.823,0.031,0,0,1,0,0,0,1,"SN 2007af",215.58762,-0.39378
47,"2007af","CfA3K",0.00625,8.4E-4,0.00635,0.00552,12.781,0.338,0.015,0.026,-0.393,0.027,12.885,0.036,0,0,1,0,0,0,1,"SN 2007af",215.58762,-0.39378
498,"2006bw","CfA3K",0.03132,8.6E-4,0.03075,0.02996,16.37,0.32,0.242,0.032,-1.755,0.173,17.225,0.06,0,0,0,1,0,0,1,"SN 2006bw",218.49191,3.79733
636,"PS17akj","FOUND",0.04777,8.7E-4,0.0478,0.04681,17.31,0.207,-0.06,0.038,1.354,0.248,16.997,0.051,0,0,0,0,0,1,1,"PS17akj",207.45479,-3.08
385,"AT2017cfc","FOUND",0.02512,8.7E-4,0.02499,0.02402,15.775,0.188,-0.006,0.032,-0.915,0.096,15.912,0.044,0,0,0,0,0,1,1,"SN 2017cfc",208.16246,-2.00228
395,"ASASSN-16bq","FOUND",0.02534,8.6E-4,0.02582,0.02493,15.935,0.175,-0.053,0.034,-1.677,0.07,16.068,0.045,0,0,0,0,0,0,1,"ASASSN-16bq",212.86038,1.28596
412,"ASASSN-15mf","FOUND",0.02695,8.6E-4,0.02691,0.02604,15.865,0.179,-0.023,0.035,-1.146,0.166,15.99,0.044,0,0,0,0,0,1,1,"ASASSN-15mf",213.595,2.97528
375,"1994M","CfA1",0.02464,8.5E-4,0.02426,0.02308,15.7,0.212,0.043,0.029,-1.428,0.09,16.031,0.037,1,0,0,0,0,0,1,"SN 1994M",187.78587,0.60544
376,"2004br","LOSS1",0.02464,8.5E-4,0.02426,0.02308,15.554,0.18,-0.108,0.026,1.003,0.078,15.175,0.031,0,0,0,0,0,0,1,"SN 2004br",187.7825,0.61322
6,"1981B","LOWZ",0.00317,8.4E-4,0.0035,0.00236,11.542,0.614,-0.005,0.031,-0.445,0.165,11.664,0.034,0,0,0,0,0,0,1,"SN 1981B",188.62321,2.19981
351,"2010ao","LOSS2",0.02369,8.5E-4,0.02422,0.02324,15.69,0.208,-0.093,0.031,-0.432,0.133,15.565,0.036,0,0,0,0,0,0,1,"SN 2010ao",205.921,3.9
345,"2004bk","LOSS1",0.02352,8.5E-4,0.02405,0.02306,15.586,0.214,-0.022,0.026,0.47,0.069,15.512,0.035,0,0,0,0,0,0,1,"SN 2004bk",204.36967,4.10314
625,"2008050","CfA4p1",0.04625,9.0E-4,0.04627,0.04526,17.011,0.216,-0.012,0.034,1.073,0.408,16.873,0.043,0,0,0,1,2,0,1,"SNF 20080522-000",204.19837,5.14239
280,"ASASSN-15lg","FOUND",0.02044,8.5E-4,0.02121,0.02015,15.402,0.213,-0.083,0.041,-1.232,0.142,15.425,0.055,0,0,0,0,0,1,1,"ASASSN-15lg",198.88683,3.50064
666,"SN2017cpu","FOUND",0.05502,8.8E-4,0.05529,0.0544,17.39,0.173,-0.061,0.038,0.753,0.342,17.123,0.043,0,0,0,0,0,1,1,"SN2017cpu",211.96887,9.64205
324,"AT2017cfb","FOUND",0.02266,8.5E-4,0.02382,0.0229,15.591,0.219,-0.077,0.033,0.942,0.149,15.303,0.041,0,0,0,0,0,1,1,"AT2017cfb",208.52846,9.41268
398,"SN2017hn","FOUND",0.02557,8.5E-4,0.02492,0.02385,15.809,0.188,-0.027,0.036,0.624,0.216,15.656,0.043,0,0,0,0,0,1,1,"SN2017hn",196.91425,6.33756
311,"SNF20080514-002","LOSS1",0.02219,8.5E-4,0.02292,0.02194,15.761,0.214,-0.183,0.028,-1.511,0.077,15.595,0.036,0,0,0,0,0,0,1,"SNF20080514-002",202.3035,11.27236
327,"2010cr","SOUSA",0.02295,8.5E-4,0.02368,0.02269,16.016,0.304,0.031,0.066,-1.417,0.346,16.313,0.073,0,0,0,0,0,0,1,"SN 2010cr",202.35429,11.79622
363,"AT2016bln","FOUND",0.02429,8.5E-4,0.02425,0.0233,15.824,0.194,-0.005,0.033,1.129,0.12,15.653,0.041,0,0,0,0,0,0,1,"AT2016bln",203.69,13.854
688,"PS16bnz","FOUND",0.06446,9.1E-4,0.06398,0.0627,17.826,0.152,-0.138,0.037,-1.136,0.223,17.69,0.045,0,0,0,0,0,0,1,"PS16bnz",155.15375,-2.46675
590,"1999aw","LOWZ",0.0391,0.00132,0.03928,0.038,16.96,0.182,-0.058,0.027,2.267,0.084,16.527,0.033,1,0,0,0,0,0,1,"SN 1999aw",165.40154,-6.10878
702,"PS16em","FOUND",0.07083,9.1E-4,0.07113,0.06981,18.228,0.446,0.196,0.096,-0.938,0.183,18.799,0.153,0,0,0,0,0,0,1,"PS16em",163.89169,-3.3663
596,"PS16axi","FOUND",0.04089,8.7E-4,0.04056,0.0393,16.873,0.167,-0.028,0.039,-0.725,0.188,16.918,0.051,0,0,0,0,0,0,1,"PS16axi",162.02971,0.1635
679,"SN2017cjv","FOUND",0.06092,9.0E-4,0.06079,0.05953,17.779,0.176,-0.113,0.04,-1.268,0.308,17.706,0.044,0,0,0,0,0,1,1,"SN2017cjv",152.69017,-3.77775
690,"PS15cms","FOUND",0.06627,8.9E-4,0.06603,0.06479,18.109,0.202,-0.021,0.043,1.373,0.34,17.846,0.049,0,0,0,0,0,1,1,"PS15cms",149.64625,0.74297
1424,"490037","PS1MD",0.42348,0.00155,0.42355,0.4219,22.343,0.185,-0.125,0.046,-0.017,0.495,22.033,0.075,0,0,0,3,0,0,1,"[JSR2018] psc490037",149.9572,0.81662
952,"590002","PS1MD",0.20128,0.01005,0.20139,0.2,20.605,0.215,-0.112,0.032,-0.965,0.278,20.477,0.04,0,0,0,2,0,0,1,"[JSR2018] psc590002",149.54486,0.8783
1238,"420","PS1MD",0.31144,0.00148,0.31152,0.31,21.759,0.139,-0.082,0.026,-0.749,0.178,21.664,0.034,0,0,0,3,0,0,0,"[JSR2018] psc000420",149.82001,1.61349
849,"120336","PS1MD",0.16122,0.00139,0.16134,0.16,20.058,0.245,0.046,0.029,-0.241,0.178,20.311,0.037,0,0,0,3,0,0,1,"[JSR2018] psc120336",149.08234,1.40947
1648,"04D2ja","SNLS",0.74196,0.00176,0.74202,0.74,24.228,0.324,-0.204,0.071,0.361,0.402,23.811,0.052,1,0,0,1,0,0,1,"SNLS 04D2ja",149.70209,1.77174
1485,"120044","PS1MD",0.48164,0.00159,0.48171,0.48,23.053,0.209,-0.146,0.044,0.781,0.638,22.64,0.054,0,0,0,3,0,0,1,"[JSR2018] psc120044",148.79195,1.73025
1211,"350192","PS1MD",0.30142,0.01006,0.3015,0.3,21.606,0.19,-0.053,0.027,0.134,0.226,21.475,0.034,0,0,0,3,0,0,1,"[JSR2018] psc350192",148.7158,1.96166
1373,"590031","PS1MD",0.37852,0.00152,0.37859,0.377,22.174,0.18,-0.118,0.056,-0.723,0.61,21.969,0.085,0,0,0,3,0,0,1,"[JSR2018] psc590031",149.0729,2.00234
1476,"370367","PS1MD",0.47163,0.00158,0.4717,0.47,22.727,0.209,-0.024,0.038,2.788,0.613,22.497,0.044,0,0,0,3,0,0,1,"[JSR2018] psc370367",149.22162,1.97791
743,"190","PS1MD",0.10221,0.00136,0.10237,0.1011,19.156,0.185,0.004,0.026,0.085,0.098,19.214,0.034,0,0,0,3,0,0,0,"[JSR2018] psc000190",148.98846,2.26346
741,"10010","PS1MD",0.0995,9.6E-4,0.09968,0.0984,19.185,0.193,0.01,0.026,0.909,0.157,19.146,0.034,0,0,0,3,0,0,0,"[JSR2018] psc010010",150.85866,1.02942
861,"590005","PS1MD",0.17124,0.01005,0.17137,0.17,20.289,0.274,-0.004,0.029,0.443,0.242,20.273,0.038,0,0,0,3,0,0,1,"[JSR2018] psc590005",151.01782,1.21547
1479,"370329","PS1MD",0.47786,0.00159,0.47793,0.4762,22.974,0.227,-0.192,0.043,0.295,0.614,22.534,0.056,0,0,0,3,0,0,1,"[JSR2018] psc370329",151.30889,1.70067
895,"370595","PS1MD",0.18126,0.01005,0.18138,0.18,20.406,0.224,-0.085,0.027,-0.059,0.163,20.204,0.035,0,0,0,3,0,0,1,"[JSR2018] psc370595",150.49765,1.32515
1458,"04D2gb","SNLS",0.45162,0.01007,0.45169,0.45,22.336,0.224,0.023,0.034,-1.603,0.172,22.635,0.029,1,0,0,1,0,0,1,"SNLS 04D2gb",150.59445,1.89416
628,"360156","PS1MD",0.04656,8.7E-4,0.04673,0.04551,17.255,0.208,-0.028,0.035,-0.863,0.148,17.361,0.043,0,0,0,3,0,0,1,"[JSR2018] psc360156",150.80726,1.89529
1651,"04D2kr","SNLS",0.74607,0.00154,0.74613,0.7441,23.729,0.253,-0.034,0.051,0.804,0.315,23.573,0.032,1,0,0,1,0,0,1,"SNLS 04D2kr",150.15559,1.71193
1339,"04D2fs","SNLS",0.3585,0.00151,0.35858,0.357,21.895,0.288,0.052,0.026,0.101,0.102,22.157,0.027,1,0,0,1,0,0,1,"SNLS 04D2fs",150.09202,1.7654
1325,"04D2mc","SNLS",0.34949,0.00151,0.34957,0.348,21.752,0.225,0.078,0.029,-1.787,0.115,22.245,0.036,1,0,0,1,0,0,1,"SNLS 04D2mc",150.14812,1.78418
1292,"370344","PS1MD",0.33147,0.00149,0.33155,0.33,21.848,0.164,-0.025,0.03,0.33,0.293,21.752,0.039,0,0,0,3,0,0,1,"[JSR2018] psc370344",150.17375,1.83158
1538,"06D2ck","SNLS",0.55375,0.00164,0.5538,0.552,23.237,0.205,-0.04,0.037,0.012,0.393,23.14,0.034,1,0,0,1,0,0,1,"SNLS 06D2ck",150.36673,1.86363
1552,"05D2dt","SNLS",0.57577,0.00165,0.57583,0.574,23.339,0.211,0.027,0.035,0.186,0.272,23.383,0.032,1,0,0,1,0,0,1,"SNLS 05D2dt",150.34969,1.85774
1451,"06D2gb","SNLS",0.44361,0.00157,0.44368,0.442,22.54,0.18,-0.016,0.037,-1.569,0.195,22.733,0.035,1,0,0,1,0,0,1,"SNLS 06D2gb",150.19758,1.98541
1332,"05D2hc","SNLS",0.35149,0.01006,0.35157,0.35,22.227,0.208,0.031,0.024,-0.672,0.164,22.416,0.027,1,0,0,1,0,0,1,"SNLS 05D2hc",150.01914,1.88602
1514,"04D2gc","SNLS",0.52271,0.00162,0.52277,0.521,23.097,0.273,0.01,0.035,1.114,0.206,23.059,0.027,1,0,0,1,0,0,1,"SNLS 04D2gc",150.4136,1.88305
1360,"04D2cf","SNLS",0.37052,0.00152,0.37059,0.369,22.123,0.161,-0.021,0.034,-0.854,0.215,22.196,0.049,1,0,0,1,0,0,1,"SNLS 04D2cf",150.48371,1.87948
1587,"202","PS1MD",0.61983,0.00168,0.61988,0.618,23.503,0.152,-0.169,0.041,0.612,0.523,23.06,0.036,0,0,0,3,0,0,0,"[JSR2018] psc000202",150.53914,1.89917
1262,"120085","PS1MD",0.32206,0.00149,0.32214,0.3206,21.474,0.197,0.043,0.042,-2.282,0.328,21.864,0.05,0,0,0,3,0,0,1,"[JSR2018] psc120085",150.47095,2.04265
1459,"120094","PS1MD",0.45162,0.00157,0.45169,0.45,22.739,0.152,-0.169,0.035,1.044,0.433,22.238,0.039,0,0,0,3,0,0,1,"[JSR2018] psc120094",150.52617,2.08779
1630,"05D2le","SNLS",0.70192,0.00174,0.70198,0.7,23.79,0.251,-0.026,0.05,0.496,0.307,23.678,0.035,1,0,0,1,0,0,1,"SNLS 05D2le",150.47865,2.09291
1646,"05D2ct","SNLS",0.73596,0.00176,0.73602,0.734,23.915,0.425,0.09,0.068,0.368,0.469,24.104,0.055,1,0,0,1,0,0,1,"SNLS 05D2ct",150.42576,2.12379
1589,"04D2an","SNLS",0.62183,0.01009,0.62188,0.62,23.336,0.274,-0.049,0.048,-0.307,0.564,23.305,0.031,1,0,0,1,0,0,1,"SNLS 04D2an",150.21795,2.04123
1505,"05D2dy","SNLS",0.51169,0.01008,0.51175,0.51,23.136,0.226,-0.133,0.029,1.59,0.286,22.629,0.026,1,0,0,1,0,0,1,"SNLS 05D2dy",150.24207,2.1831
1266,"05D2ab","SNLS",0.32446,0.00149,0.32454,0.323,21.817,0.124,-0.046,0.022,-0.156,0.084,21.725,0.027,1,0,0,1,0,0,1,"SNLS 05D2ab",150.46186,2.10633
1478,"05D2bv","SNLS",0.47565,0.00159,0.47572,0.474,22.685,0.175,-0.115,0.025,-0.01,0.122,22.446,0.026,1,0,0,1,0,0,1,"SNLS 05D2bv",150.57083,2.2406
1390,"120086","PS1MD",0.39255,0.00153,0.39262,0.391,22.221,0.236,0.109,0.045,0.282,0.497,22.377,0.053,0,0,0,3,0,0,1,"[JSR2018] psc120086",150.78902,2.14339
1284,"120369","PS1MD",0.33047,0.00149,0.33055,0.329,21.978,0.129,-0.127,0.031,-0.224,0.328,21.704,0.045,0,0,0,3,0,0,1,"[JSR2018] psc120369",150.99525,2.26242
1367,"199","PS1MD",0.37153,0.00152,0.3716,0.37,22.131,0.113,-0.111,0.024,0.898,0.229,21.739,0.029,0,0,0,3,0,0,0,"[JSR2018] psc000199",151.2314,2.59092
913,"370563","PS1MD",0.18527,0.00141,0.18538,0.184,20.535,0.137,-0.032,0.03,1.236,0.25,20.283,0.039,0,0,0,3,0,0,1,"[JSR2018] psc370563",150.95185,2.64601
1601,"05D2ec","SNLS",0.64185,0.0017,0.6419,0.64,23.595,0.256,-0.117,0.053,-0.197,0.212,23.402,0.033,1,0,0,1,0,0,1,"SNLS 05D2ec",149.8591,2.01362
1572,"04D2mh","SNLS",0.59179,0.01009,0.59184,0.59,23.198,0.254,0.007,0.032,1.582,0.173,23.115,0.027,1,0,0,1,0,0,1,"SNLS 04D2mh",149.9412,2.14102
1412,"05D2dw","SNLS",0.41857,0.00155,0.41864,0.417,22.364,0.2,-0.022,0.025,1.143,0.163,22.201,0.028,1,0,0,1,0,0,1,"SNLS 05D2dw",149.63362,2.03224
1335,"05D2mp","SNLS",0.35519,0.0012,0.35527,0.3537,22.212,0.221,0.006,0.025,1.304,0.189,22.121,0.033,1,0,0,1,0,0,1,"SNLS 05D2mp",149.78596,2.20401
1492,"06D2bk","SNLS",0.50067,0.0016,0.50073,0.499,23.004,0.252,-0.002,0.032,0.482,0.282,23.009,0.029,1,0,0,1,0,0,1,"SNLS 06D2bk",149.67863,2.17198
1523,"06D2ca","SNLS",0.53271,0.00162,0.53277,0.531,22.994,0.293,0.039,0.031,1.33,0.35,23.044,0.029,1,0,0,1,0,0,1,"SNLS 06D2ca",149.78982,2.30252
1695,"carter","CANDELS",1.5429,0.04006,1.54295,1.54,25.837,0.37,0.133,0.077,2.349,0.824,26.138,0.116,0,0,0,1,0,0,1,"[RRS2014] COS12Car",150.06136,2.19238
1593,"05D2ci","SNLS",0.63183,0.00169,0.63189,0.63,23.058,0.326,0.073,0.065,-0.938,0.246,23.33,0.045,1,0,0,1,0,0,1,"SNLS 05D2ci",150.0085,2.21585
1580,"05D2he","SNLS",0.60981,0.00167,0.60987,0.608,23.435,0.32,0.058,0.041,0.157,0.375,23.654,0.031,1,0,0,1,0,0,1,"SNLS 05D2he",150.36046,2.31773
1655,"05D2nt","SNLS",0.75899,0.00178,0.75904,0.757,23.994,0.232,-0.018,0.051,1.531,0.311,23.823,0.031,1,0,0,1,0,0,1,"SNLS 05D2nt",150.24262,2.37273
1629,"04D2iu","SNLS",0.70192,0.0101,0.70197,0.7,23.643,0.462,0.035,0.084,-1.927,0.421,23.949,0.046,1,0,0,1,0,0,1,"SNLS 04D2iu",150.30491,2.41505
1411,"04D2fp","SNLS",0.41657,0.00155,0.41664,0.415,22.477,0.147,-0.057,0.027,0.377,0.128,22.279,0.027,1,0,0,1,0,0,1,"SNLS 04D2fp",149.86717,2.32101
1527,"05D2eb","SNLS",0.53572,0.00162,0.53578,0.534,22.96,0.208,-0.061,0.031,0.935,0.289,22.724,0.034,1,0,0,1,0,0,1,"SNLS 05D2eb",150.06068,2.40744
1379,"11","PS1MD",0.38153,0.00153,0.3816,0.38,22.425,0.217,0.116,0.04,-2.146,0.601,22.89,0.044,0,0,0,3,0,0,0,"[JSR2018] psc000011",149.97592,2.4119
1008,"370098","PS1MD",0.22132,0.00143,0.22141,0.22,20.791,0.141,-0.034,0.028,0.534,0.152,20.62,0.033,0,0,0,3,0,0,1,"[JSR2018] psc370098",150.00625,2.43108
1433,"05D2cb","SNLS",0.42859,0.00156,0.42865,0.427,22.63,0.403,0.152,0.029,0.884,0.192,23.132,0.032,1,0,0,1,0,0,1,"SNLS 05D2cb",149.85242,2.32818
1524,"06D2cc","SNLS",0.53372,0.00162,0.53377,0.532,22.912,0.272,0.072,0.049,-0.578,0.328,23.185,0.042,1,0,0,1,0,0,1,"SNLS 06D2cc",149.86203,2.45136
754,"500038","PS1MD",0.10794,9.2E-4,0.1081,0.10682,19.149,0.185,0.006,0.027,1.205,0.197,19.049,0.034,0,0,0,3,0,0,1,"[JSR2018] psc500038",150.19246,2.55124
1290,"580235","PS1MD",0.33147,0.01006,0.33154,0.33,21.777,0.217,0.002,0.04,-0.33,0.309,21.833,0.057,0,0,0,3,0,0,1,"[JSR2018] psc580235",150.23487,2.5796
1626,"05D2ck","SNLS",0.69992,0.00173,0.69997,0.698,23.862,0.294,-0.008,0.067,-2.646,0.459,24.18,0.039,1,0,0,1,0,0,1,"SNLS 05D2ck",150.18834,2.57285
1508,"04D2mj","SNLS",0.51469,0.00161,0.51475,0.513,23.073,0.402,0.149,0.034,1.505,0.225,23.509,0.032,1,0,0,1,0,0,1,"SNLS 04D2mj",150.15221,2.57707
1484,"05D2ac","SNLS",0.48065,0.00159,0.48071,0.479,22.722,0.137,-0.065,0.024,1.12,0.112,22.401,0.025,1,0,0,1,0,0,1,"SNLS 05D2ac",149.74681,2.4895
1643,"04D2gp","SNLS",0.73395,0.00176,0.734,0.732,23.967,0.387,-0.137,0.085,-1.353,0.413,23.93,0.051,1,0,0,1,0,0,1,"SNLS 04D2gp",149.83489,2.50888
1644,"05D2fq","SNLS",0.73495,0.00176,0.73501,0.733,24.001,0.223,-0.082,0.057,0.829,0.316,23.719,0.034,1,0,0,1,0,0,1,"SNLS 05D2fq",149.78542,2.602
1613,"05D2bt","SNLS",0.6819,0.0101,0.68195,0.68,23.585,0.238,-0.162,0.048,0.514,0.256,23.224,0.033,1,0,0,1,0,0,1,"SNLS 05D2bt",150.41768,2.56616
1002,"220","PS1MD",0.21972,0.00143,0.21982,0.2184,20.809,0.121,-0.129,0.027,-0.701,0.145,20.606,0.034,0,0,0,3,0,0,0,"[JSR2018] psc000220",150.53676,2.71856
1326,"05D2ie","SNLS",0.34949,0.00151,0.34956,0.348,22.123,0.169,-0.083,0.026,-0.072,0.148,21.963,0.028,1,0,0,1,0,0,1,"SNLS 05D2ie",150.26206,2.65809
1471,"215","PS1MD",0.46654,0.00158,0.4666,0.4649,22.795,0.133,-0.098,0.03,0.972,0.315,22.455,0.033,0,0,0,3,0,0,0,"[JSR2018] psc000215",150.80994,3.14422
1330,"196","PS1MD",0.35059,0.00151,0.35066,0.3491,21.981,0.161,-0.05,0.025,0.451,0.242,21.802,0.03,0,0,0,3,0,0,0,"[JSR2018] psc000196",150.11507,2.69403
1324,"380279","PS1MD",0.34939,0.00151,0.34946,0.3479,21.95,0.166,-0.053,0.039,-1.767,0.532,22.041,0.048,0,0,0,3,0,0,1,"[JSR2018] psc380279",149.82703,2.93488
1306,"380318","PS1MD",0.33818,0.0015,0.33825,0.3367,21.892,0.21,-0.046,0.054,-0.239,0.64,21.79,0.074,0,0,0,3,0,0,1,"[JSR2018] psc380318",150.41319,3.24984
752,"120225","PS1MD",0.10713,0.00136,0.10728,0.106,19.527,0.468,-0.07,0.066,-0.829,0.888,19.471,0.052,0,0,0,2,0,0,1,"PS1-11aj",150.81781,3.47495
1333,"120400","PS1MD",0.35149,0.00151,0.35156,0.35,22.081,0.136,-0.121,0.038,0.187,0.4,21.773,0.056,0,0,0,3,0,0,1,"[JSR2018] psc120400",149.62845,2.87178
1072,"10","PS1MD",0.24585,0.00144,0.24594,0.2445,21.179,0.165,0.013,0.029,0.297,0.288,21.163,0.036,0,0,0,3,0,0,0,"[JSR2018] psc000010",149.74899,3.15753
1009,"480464","PS1MD",0.22132,0.01005,0.22141,0.22,20.806,0.203,-0.122,0.028,0.274,0.16,20.474,0.035,0,0,0,3,0,0,1,"[JSR2018] psc480464",149.80043,3.22157
1017,"30066","PS1MD",0.22542,0.00143,0.22552,0.2241,20.896,0.172,-0.134,0.034,1.382,0.371,20.411,0.043,0,0,0,3,0,0,0,"[JSR2018] psc030066",150.1834,3.40397
858,"350233","PS1MD",0.16924,0.0014,0.16935,0.168,20.263,0.181,-0.014,0.027,-0.472,0.141,20.343,0.037,0,0,0,3,0,0,1,"[JSR2018] psc350233",149.46632,3.48236
81,"1995D","CfA1",0.00818,8.4E-4,0.0078,0.00668,13.231,0.342,-0.066,0.028,0.728,0.084,12.964,0.045,0,0,0,0,0,0,1,"SN 1995D",145.22814,5.1406
696,"2006al","CfA3K",0.06886,8.9E-4,0.06908,0.0678,18.168,0.157,-0.121,0.036,-1.439,0.281,18.122,0.056,1,0,0,0,2,0,1,"SN 2006al",159.86766,5.18344
634,"PS16fa","FOUND",0.0476,8.7E-4,0.04734,0.04611,17.348,0.159,-0.003,0.033,-0.652,0.113,17.442,0.038,0,0,0,0,0,0,1,"PS16fa",154.81928,4.76171
339,"2009al","LOSS2",0.02342,8.7E-4,0.02328,0.02207,15.732,0.281,0.151,0.028,0.268,0.222,16.089,0.038,0,0,1,0,0,0,1,"SN 2009al",162.84196,8.57853
340,"2009al","CSP",0.02342,8.7E-4,0.02328,0.02207,15.755,0.22,0.058,0.024,-0.149,0.059,15.928,0.027,0,0,1,0,0,0,1,"SN 2009al",162.84196,8.57853
341,"2009al","CfA4p1",0.02342,8.7E-4,0.02328,0.02207,15.725,0.224,0.057,0.029,-0.487,0.097,15.949,0.034,0,0,1,0,0,0,1,"SN 2009al",162.84196,8.57853
277,"2005ki","CfA3K",0.02035,8.5E-4,0.02066,0.01946,15.318,0.186,-0.106,0.03,-1.61,0.058,15.32,0.036,1,0,1,0,2,0,1,"SN 2005ki",160.11758,9.20228
278,"2005ki","CSP",0.02035,8.5E-4,0.02066,0.01946,15.313,0.176,-0.109,0.023,-1.452,0.031,15.285,0.028,1,0,1,0,2,0,1,"SN 2005ki",160.11758,9.20228
279,"2005ki","LOSS2",0.02035,8.5E-4,0.02066,0.01946,15.24,0.189,-0.072,0.03,-1.301,0.111,15.267,0.037,1,0,1,0,2,0,1,"SN 2005ki",160.11758,9.20228
499,"ASASSN-15hg","FOUND",0.03143,8.6E-4,0.03107,0.02992,16.393,0.194,0.012,0.036,-1.287,0.136,16.626,0.05,0,0,0,0,0,1,1,"ASASSN-15hg",148.45258,9.19383
692,"SN2016ixf","FOUND",0.06711,9.0E-4,0.06723,0.06602,18.171,0.193,-0.114,0.043,0.794,0.354,17.807,0.053,0,0,0,0,0,0,1,"SN2016ixf",159.93567,15.03467
633,"2016afk","FOUND",0.04738,8.7E-4,0.04677,0.0456,17.311,0.228,0.032,0.038,-0.291,0.221,17.5,0.053,0,0,0,0,0,0,1,"SN 2016afk",155.62458,15.09658
532,"2004L","CfA3S",0.03373,8.6E-4,0.03344,0.03229,16.576,0.272,0.152,0.032,-1.033,0.243,17.112,0.045,1,0,0,0,0,0,1,"SN 2004L",156.76712,16.01869
475,"ASASSN-16es","CNIa0.02",0.03047,8.6E-4,0.02973,0.0285,16.282,0.257,0.04,0.036,0.861,0.389,16.346,0.048,0,0,0,0,0,0,1,"ASASSN-16es",177.72721,2.30734
5,"1994DRichmond","LOWZ",0.00299,8.4E-4,0.00299,0.00187,11.523,0.881,-0.112,0.026,-1.618,0.05,11.533,0.032,0,0,0,0,0,0,0,"SN 1994D",188.50998,7.70158
3,"2012cg","LOSS2",0.00256,8.4E-4,0.00256,0.00144,11.47,0.782,0.101,0.018,0.492,0.024,11.816,0.024,0,0,0,0,0,0,1,"SN 2012cg",186.80346,9.42033
4,"2012cg","SOUSA",0.00256,8.4E-4,0.00256,0.00144,11.492,0.799,0.122,0.039,0.713,0.084,11.88,0.036,0,0,0,0,0,0,1,"SN 2012cg",186.80346,9.42033
440,"2008ar","LOSS1",0.02849,8.6E-4,0.02732,0.02617,16.184,0.178,-0.092,0.028,0.196,0.086,15.965,0.036,0,0,1,1,2,0,1,"SN 2008ar",186.158,10.83798
441,"2008ar","CSP",0.02849,8.6E-4,0.02732,0.02617,16.038,0.176,-0.066,0.023,-0.139,0.037,15.93,0.03,0,0,1,1,2,0,1,"SN 2008ar",186.158,10.83798
442,"2008ar","CfA4p1",0.02849,8.6E-4,0.02732,0.02617,16.106,0.178,-0.071,0.027,-0.004,0.071,15.963,0.035,0,0,1,1,2,0,1,"SN 2008ar",186.158,10.83798
714,"PS17bii","FOUND",0.07446,9.0E-4,0.07467,0.07339,18.197,0.19,-0.096,0.046,-0.891,0.375,18.104,0.061,0,0,0,0,0,1,1,"PS17bii",171.40942,7.33356
620,"PSNJ1204051","FOUND",0.04545,8.7E-4,0.04502,0.04385,17.201,0.194,0.036,0.036,1.288,0.233,17.103,0.043,0,0,0,0,0,1,1,"PSN J12040516+1404059",181.02129,14.06803
635,"PS15aii","FOUND",0.04777,8.7E-4,0.04768,0.04655,17.342,0.143,-0.061,0.033,0.349,0.143,17.138,0.039,0,0,0,0,0,1,1,"PS15aii",191.18975,9.75961
420,"1992P","LOWZ",0.02736,8.6E-4,0.02643,0.02531,16.06,0.218,-0.104,0.043,0.156,0.276,15.795,0.036,1,0,0,0,0,0,1,"SN 1992P",190.70387,10.36006
629,"2004gu","CSP",0.04664,8.7E-4,0.0467,0.04558,17.218,0.192,0.07,0.023,1.429,0.059,17.178,0.026,1,0,1,1,2,0,1,"SN 2004gu",191.603,11.94892
680,"2008bz","CSP",0.06099,8.9E-4,0.0613,0.06015,17.91,0.121,-0.136,0.023,-0.455,0.08,17.672,0.026,0,0,1,1,2,0,1,"SN 2008bz",189.74036,11.12933
681,"2008bz","CfA4p1",0.06099,8.9E-4,0.0613,0.06015,17.94,0.158,-0.137,0.036,0.013,0.361,17.627,0.055,0,0,1,1,2,0,1,"SN 2008bz",189.74036,11.12933
14,"1990N","LOWZ",0.00359,8.4E-4,0.00462,0.00355,12.444,0.55,-0.006,0.026,0.629,0.066,12.403,0.034,0,0,0,0,0,0,1,"SN 1990N",190.73617,13.2565
367,"2005bg","CSP",0.02434,8.5E-4,0.02414,0.02303,15.757,0.2,-0.061,0.022,0.387,0.057,15.586,0.028,1,0,1,0,0,0,1,"SN 2005bg",184.32179,16.3715
372,"2008bf","LOSS1",0.02462,0.00131,0.02451,0.02342,15.853,0.234,-0.149,0.027,0.315,0.066,15.471,0.034,1,0,1,1,2,0,1,"SN 2008bf",181.01199,20.24508
373,"2008bf","CSP",0.02462,0.00131,0.02451,0.02342,15.799,0.23,-0.149,0.022,0.396,0.028,15.406,0.028,1,0,1,1,2,0,1,"SN 2008bf",181.01199,20.24508
374,"2008bf","CfA3K",0.02462,0.00131,0.02451,0.02342,15.637,0.232,-0.056,0.026,0.336,0.068,15.451,0.035,1,0,1,1,2,0,1,"SN 2008bf",181.01199,20.24508
318,"2006cp","CfA3K",0.02239,8.5E-4,0.02334,0.02229,15.518,0.301,0.057,0.028,0.323,0.075,15.727,0.034,1,0,0,0,2,0,1,"SN 2006cp",184.81204,22.42728
319,"2006cp","LOSS1",0.02239,8.5E-4,0.02334,0.02229,15.607,0.242,-0.016,0.026,0.042,0.095,15.614,0.032,1,0,0,0,2,0,1,"SN 2006cp",184.81204,22.42728
670,"PS16aer","FOUND",0.05693,8.8E-4,0.05668,0.05547,17.786,0.174,0.032,0.035,-0.053,0.22,17.863,0.042,0,0,0,0,0,0,1,"PS16aer",163.74246,14.27158
337,"2007ci","LOSS1",0.02331,8.5E-4,0.02295,0.02184,15.395,0.266,-0.044,0.027,-2.463,0.097,15.66,0.032,1,0,0,0,0,0,1,"SN 2007ci",176.44104,19.77053
338,"2007ci","CfA3K",0.02331,8.5E-4,0.02295,0.02184,15.177,0.278,0.012,0.028,-2.792,0.097,15.629,0.034,1,0,0,0,0,0,1,"SN 2007ci",176.44104,19.77053
20,"2012ht","SOUSA",0.00465,8.4E-4,0.00465,0.00352,12.678,0.441,-0.066,0.041,-1.279,0.113,12.751,0.038,0,0,0,0,0,0,1,"SN 2012ht",163.345,16.7764
21,"2012ht","CSP",0.00465,8.4E-4,0.00465,0.00352,12.78,0.42,-0.128,0.023,-1.164,0.039,12.693,0.028,0,0,0,0,0,0,1,"SN 2012ht",163.345,16.7764
37,"1994ae","CfA1",0.00588,8.4E-4,0.0054,0.00427,12.929,0.339,-0.073,0.026,0.438,0.055,12.696,0.035,0,0,0,0,0,0,1,"SN 1994ae",161.75808,17.27522
642,"PS16el","FOUND",0.0494,8.7E-4,0.04896,0.0478,17.216,0.175,-0.04,0.038,-1.311,0.15,17.341,0.048,0,0,0,0,0,0,1,"PS16el",162.80225,19.3625
295,"2007bc","LOSS1",0.02131,8.5E-4,0.02187,0.02075,15.503,0.179,-0.021,0.025,-1.012,0.061,15.608,0.031,0,0,0,0,0,0,1,"SN 2007bc",169.81917,20.81333
296,"2007bc","CSP",0.02131,8.5E-4,0.02187,0.02075,15.481,0.175,-0.036,0.022,-1.093,0.034,15.564,0.025,0,0,0,0,0,0,1,"SN 2007bc",169.81917,20.81333
297,"2007bc","CfA3K",0.02131,8.5E-4,0.02187,0.02075,15.489,0.186,-0.021,0.029,-1.285,0.081,15.636,0.034,0,0,0,0,0,0,1,"SN 2007bc",169.81917,20.81333
315,"2004bg","LOSS1",0.02234,8.5E-4,0.02214,0.02103,15.52,0.197,-0.149,0.026,0.193,0.067,15.179,0.031,0,0,0,0,0,0,1,"SN 2004bg",170.25637,21.33983
316,"2004bg","CfA3S",0.02234,8.5E-4,0.02214,0.02103,15.617,0.203,-0.09,0.029,0.584,0.117,15.344,0.046,0,0,0,0,0,0,1,"SN 2004bg",170.25637,21.33983
349,"ATLAS17bas","FOUND",0.02357,8.5E-4,0.02331,0.02222,15.319,0.26,0.027,0.033,0.801,0.122,15.378,0.04,0,0,0,0,0,1,1,"ATLAS17bas",166.89787,22.85122
523,"2004as","LOSS1",0.03296,8.6E-4,0.0325,0.03139,16.479,0.219,0.027,0.019,-0.252,0.087,16.653,0.023,1,0,0,0,2,0,1,"SN 2004as",171.41327,22.83029
524,"2004as","CfA3S",0.03296,8.6E-4,0.0325,0.03139,16.638,0.224,0.022,0.028,0.421,0.138,16.699,0.032,1,0,0,0,2,0,1,"SN 2004as",171.41327,22.83029
426,"ASASSN-16av","FOUND",0.02773,8.6E-4,0.02676,0.02567,16.094,0.289,0.161,0.037,0.781,0.214,16.438,0.046,0,0,0,0,0,0,1,"ASASSN-16av",177.8675,22.02636
194,"2001V","CfA3S",0.01557,0.00124,0.01592,0.01488,14.537,0.289,-0.033,0.026,0.914,0.08,14.322,0.032,1,0,0,0,2,0,1,"SN 2001V",179.35379,25.20264
195,"2001V","LOWZ",0.01557,0.00124,0.01592,0.01488,14.554,0.289,-0.054,0.025,0.867,0.042,14.294,0.03,1,0,0,0,2,0,1,"SN 2001V",179.35379,25.20264
205,"1994S","CfA1",0.01588,8.5E-4,0.01619,0.01524,14.776,0.223,-0.102,0.028,0.304,0.183,14.497,0.036,1,0,0,0,0,0,1,"SN 1994S",187.84104,29.13444
413,"ASASSN-17at","FOUND",0.02713,8.6E-4,0.02643,0.02537,15.998,0.185,-0.023,0.034,-1.468,0.271,16.172,0.041,0,0,0,0,0,0,1,"ASASSN-17at",174.64025,25.39727
541,"ATLAS17ajs","FOUND",0.03451,8.6E-4,0.0337,0.03265,16.723,0.357,0.176,0.038,1.822,0.387,17.09,0.047,0,0,0,0,0,1,1,"ATLAS17ajs",171.97717,27.34575
132,"2011ao","SOUSA",0.01195,8.4E-4,0.01168,0.01074,14.244,0.3,-0.085,0.043,0.415,0.136,14.014,0.037,0,0,0,0,0,0,1,"SN 2011ao",178.46262,33.36286
800,"15171","SDSS",0.13826,0.00107,0.13818,0.1392,19.697,0.157,-0.073,0.026,0.67,0.147,19.455,0.058,1,1,0,1,0,0,1,"SDSS-II SN 15171",304.79254,-1.0645
829,"2031","SDSS",0.15195,0.00108,0.15186,0.153,19.795,0.156,-0.128,0.024,0.488,0.143,19.449,0.044,1,1,0,1,0,0,1,"SDSS-II SN 2031",312.043,-1.17137
869,"15648","SDSS",0.17392,9.8E-4,0.17383,0.17501,20.346,0.317,0.12,0.047,-1.38,0.385,20.822,0.074,1,1,0,1,0,0,1,"SDSS-II SN 15648",313.71875,-0.19556
842,"14782","SDSS",0.15931,0.00109,0.15922,0.1604,19.697,0.141,-0.014,0.028,-0.318,0.135,19.703,0.052,0,1,0,0,0,0,1,"SDSS-II SN 14782",314.23375,-0.27889
931,"14984","SDSS",0.19557,0.00112,0.19549,0.1967,20.655,0.194,0.049,0.035,0.979,0.337,20.637,0.058,1,1,0,1,0,0,1,"SDSS-II SN 14984",313.83358,-0.09278
916,"5994","SDSS",0.18809,0.0051,0.18801,0.1892,20.492,0.19,-0.062,0.031,0.748,0.266,20.259,0.056,1,1,0,1,0,0,1,"SDSS-II SN 5994",312.6025,-0.16789
811,"17568","SDSS",0.14345,0.00108,0.14335,0.1445,20.262,0.37,0.218,0.049,0.572,0.417,20.924,0.078,0,1,0,0,0,0,1,"SDSS-II SN 17568",313.103,0.27747
1374,"7779","SDSS",0.37991,0.00125,0.37986,0.3812,22.043,0.218,-0.147,0.051,0.327,0.916,21.683,0.057,1,1,0,1,0,0,1,"SDSS-II SN 7779",310.08021,-0.00719
1221,"12883","SDSS",0.30526,0.0012,0.30519,0.3065,21.339,0.306,-0.054,0.075,-2.038,0.893,21.362,0.106,1,1,0,1,0,0,1,"SDSS-II SN 12883",312.62587,0.39869
855,"20430","SDSS",0.16603,0.00109,0.16593,0.1671,20.241,0.24,0.023,0.034,-1.198,0.524,20.531,0.056,1,1,0,1,0,0,1,"SDSS-II SN 20430",312.417,0.46851
137,"2002ha","LOSS1",0.01258,8.5E-4,0.0122,0.01321,14.455,0.239,-0.091,0.025,-1.466,0.034,14.47,0.062,1,0,0,0,2,0,1,"SN 2002ha",311.82748,0.3126
138,"2002ha","CfA3S",0.01258,8.5E-4,0.0122,0.01321,14.472,0.249,-0.073,0.032,-1.301,0.074,14.503,0.066,1,0,0,0,2,0,1,"SN 2002ha",311.82748,0.3126
872,"5350","SDSS",0.17438,0.0011,0.17431,0.1754,20.252,0.182,-0.083,0.046,-0.611,0.323,20.143,0.101,0,2,0,0,0,0,1,"SDSS-II SN 5350",307.21917,-0.77928
815,"17605","SDSS",0.14542,9.6E-4,0.14533,0.14643,19.899,0.208,0.023,0.04,0.804,0.453,19.844,0.066,1,1,0,1,0,0,1,"SDSS-II SN 17605",309.2025,0.09833
1066,"19023","SDSS",0.2441,0.00511,0.24405,0.2452,21.043,0.241,-0.125,0.042,1.616,0.502,20.607,0.075,1,1,0,1,0,0,1,"SDSS-II SN 19023",307.11696,0.00622
1204,"6137","SDSS",0.29893,0.00119,0.29888,0.3001,21.667,0.254,-0.139,0.054,0.467,0.776,21.312,0.076,1,1,0,1,0,0,1,"SDSS-II SN 6137",307.93617,0.24475
878,"14451","SDSS",0.17737,0.0011,0.17729,0.1784,20.224,0.136,-0.102,0.029,0.316,0.173,19.935,0.054,1,1,0,1,0,0,1,"SDSS-II SN 14451",308.19496,0.92708
803,"12928","SDSS",0.13875,0.00107,0.13868,0.1397,19.747,0.174,-0.061,0.035,-0.543,0.379,19.679,0.067,1,1,0,1,0,0,1,"SDSS-II SN 12928",305.00904,-0.97569
1134,"6315","SDSS",0.26583,0.00117,0.26576,0.267,21.071,0.204,-0.191,0.039,-0.098,0.371,20.697,0.051,1,1,0,1,0,0,1,"SDSS-II SN 6315",310.48283,1.09203
725,"12779","SDSS",0.07906,9.0E-4,0.07891,0.07995,18.531,0.237,0.108,0.032,-0.63,0.249,18.949,0.067,1,1,0,0,0,0,1,"SDSS-II SN 12779",309.47187,1.22114
386,"2011dn","SOUSA",0.02513,8.5E-4,0.02443,0.02527,15.205,0.332,0.052,0.058,0.216,0.276,15.413,0.105,0,0,0,0,0,0,1,"SN 2011dn",299.648,2.6045
358,"2010gp","SOUSA",0.02411,8.5E-4,0.02436,0.02427,15.218,0.398,0.174,0.053,-0.512,0.247,15.938,0.059,0,0,0,0,0,0,1,"SN 2010gp",253.23912,2.38789
357,"PS1-14xw","SOUSA",0.02411,8.5E-4,0.02436,0.02427,15.852,0.309,-0.037,0.057,1.228,0.709,15.621,0.06,0,0,0,0,0,0,1,"PS1-14xw",253.24012,2.39347
306,"2001cp","LOSS1",0.02198,8.5E-4,0.02245,0.02246,15.712,0.215,-0.045,0.047,1.01,0.087,15.452,0.093,0,0,0,0,0,0,1,"SN 2001cp",257.76075,5.84078
94,"2002er","LOSS1",0.00906,8.4E-4,0.00853,0.00855,13.546,0.368,0.044,0.031,-0.928,0.035,13.905,0.094,0,0,0,0,0,0,1,"SN 2002er",257.8745,7.99578
95,"2002er","LOWZ",0.00906,8.4E-4,0.00853,0.00855,13.497,0.409,0.103,0.035,-0.901,0.052,14.057,0.095,0,0,0,0,0,0,1,"SN 2002er",257.8745,7.99578
113,"1999ac","LOSS1",0.01017,8.4E-4,0.00979,0.00947,13.665,0.364,0.041,0.038,0.111,0.04,13.864,0.04,1,0,0,0,0,0,1,"SN 1999ac",241.81254,7.97233
114,"1999ac","CfA2",0.01017,8.4E-4,0.00979,0.00947,13.714,0.341,0.038,0.025,0.161,0.033,13.896,0.038,1,0,0,0,0,0,1,"SN 1999ac",241.81254,7.97233
552,"PTSS-16efw","FOUND",0.03568,8.6E-4,0.03542,0.03557,16.981,0.187,-0.125,0.049,-0.14,0.16,16.735,0.127,0,0,0,0,0,0,1,"PTSS-16efw",263.9075,8.80899
240,"1998V","CfA2",0.01752,8.5E-4,0.01718,0.01758,14.894,0.23,0.005,0.041,-0.23,0.064,14.946,0.117,1,0,0,0,0,0,1,"SN 1998V",275.65583,15.70233
177,"2000dm","LOSS1",0.01484,8.5E-4,0.01472,0.0151,14.758,0.269,-0.114,0.049,-2.123,0.119,14.841,0.108,0,0,0,0,0,0,1,"SN 2000dm",274.74571,16.24817
250,"ASASSN-17co","FOUND",0.01826,8.6E-4,0.01791,0.01826,14.948,0.279,0.104,0.039,-0.583,0.151,15.349,0.073,0,0,0,0,0,0,1,"ASASSN-17co",272.33629,18.29819
216,"SN2016gfr","FOUND",0.01671,8.6E-4,0.0163,0.01669,14.646,0.244,-0.023,0.038,0.127,0.111,14.635,0.083,0,0,0,0,0,0,1,"SN2016gfr",274.89821,23.78589
344,"ASASSN-15nr","FOUND",0.02344,8.7E-4,0.02309,0.0232,15.58,0.262,0.029,0.04,1.207,0.19,15.582,0.083,0,0,0,0,0,1,1,"ASASSN-15nr",261.67433,13.90985
481,"1990O","LOWZ",0.03091,8.7E-4,0.03093,0.03099,16.24,0.164,-0.07,0.033,0.518,0.182,15.991,0.064,0,0,0,0,0,0,1,"SN 1990O",258.89967,16.32383
291,"ASASSN-16lg","FOUND",0.02116,8.6E-4,0.02093,0.02117,15.122,0.201,-0.041,0.039,-1.333,0.176,15.233,0.061,0,0,0,0,0,0,1,"ASASSN-16lg",267.05157,17.62544
672,"2008eq","LOSS2",0.05728,8.8E-4,0.0568,0.0568,17.816,0.22,0.101,0.034,0.505,0.243,17.972,0.053,0,0,0,0,0,0,1,"SN 2008eq",255.02917,23.13128
583,"SN2017ciy","FOUND",0.03834,0.00136,0.03762,0.03765,17.265,0.244,0.012,0.038,1.463,0.264,17.152,0.058,0,0,0,0,0,1,1,"SN2017ciy",256.02871,25.05275
284,"ASASSN-17bs","FOUND",0.02056,8.5E-4,0.02014,0.02039,15.312,0.248,0.063,0.037,-1.012,0.155,15.659,0.064,0,0,0,0,0,1,1,"ASASSN-17bs",268.02554,21.56606
186,"ATLAS16cxr","FOUND",0.01542,0.00131,0.01518,0.01552,15.09,0.372,0.046,0.038,-0.049,0.093,15.357,0.081,0,0,0,0,0,0,1,"ATLAS16cxr",272.02708,25.40869
183,"2005de","LOSS1",0.01519,8.5E-4,0.01495,0.01526,14.926,0.265,0.017,0.025,-0.493,0.033,15.124,0.061,0,0,0,0,0,0,1,"SN 2005de",270.60308,26.043
202,"2001bf","LOSS1",0.01581,8.6E-4,0.01556,0.01587,14.74,0.238,-0.087,0.041,0.881,0.052,14.406,0.063,1,0,0,0,0,0,1,"SN 2001bf",270.39162,26.25064
203,"2001bf","CfA3S",0.01581,8.6E-4,0.01556,0.01587,14.647,0.217,-0.019,0.03,0.536,0.082,14.521,0.064,1,0,0,0,0,0,1,"SN 2001bf",270.39162,26.25064
329,"2000cn","LOSS1",0.02298,8.5E-4,0.0226,0.02289,15.746,0.266,0.071,0.043,-2.476,0.105,16.306,0.046,1,0,0,0,0,0,1,"SN 2000cn",269.41842,27.83281
330,"2000cn","CfA2",0.02298,8.5E-4,0.0226,0.02289,15.718,0.236,0.075,0.029,-2.565,0.159,16.301,0.044,1,0,0,0,0,0,1,"SN 2000cn",269.41842,27.83281
417,"2007co","LOSS1",0.02731,8.6E-4,0.02655,0.02696,16.091,0.229,0.022,0.031,-0.066,0.056,16.233,0.069,1,0,0,1,2,0,1,"SN 2007co",275.765,29.89711
418,"2007co","SOUSA",0.02731,8.6E-4,0.02655,0.02696,15.859,0.346,0.067,0.059,-0.698,0.377,16.232,0.076,1,0,0,1,2,0,1,"SN 2007co",275.765,29.89711
419,"2007co","CfA3K",0.02731,8.6E-4,0.02655,0.02696,15.974,0.26,0.055,0.031,-0.21,0.062,16.237,0.069,1,0,0,1,2,0,1,"SN 2007co",275.765,29.89711
317,"2002cu","LOSS1",0.02236,8.5E-4,0.02217,0.02252,15.528,0.223,-0.003,0.028,-1.851,0.064,15.865,0.046,0,0,0,0,0,0,1,"SN 2002cu",272.71,31.10897
371,"PS16ccn","FOUND",0.02457,8.7E-4,0.02395,0.02431,15.925,0.187,-0.125,0.035,0.378,0.111,15.606,0.056,0,0,0,0,0,0,1,"PS16ccn",273.1225,31.27981
332,"2009jb","SOUSA",0.02307,8.6E-4,0.02324,0.02338,15.514,0.339,0.022,0.059,-0.075,0.517,15.662,0.049,0,0,0,0,0,0,1,"SN 2009jb",260.924,30.4971
16,"2005df","LOWZ",0.00407,8.4E-4,0.00435,0.00435,12.14,0.476,-0.059,0.027,-0.104,0.08,12.016,0.036,0,0,0,0,0,0,1,"SN 2005df",64.40771,-62.76931
17,"2005df\_ANU","LOWZ",0.00407,8.4E-4,0.00435,0.00435,12.125,0.479,-0.077,0.026,-0.018,0.054,11.981,0.034,0,0,0,0,0,0,0,"SN 2005df",64.40771,-62.76931
616,"1992bh","LOWZ",0.0444,0.00218,0.0451,0.045,17.298,0.269,0.024,0.045,-0.008,0.15,17.349,0.038,0,0,0,0,0,0,1,"SN 1992bh",74.86479,-58.82894
11,"2001el","LOWZ",0.00333,8.4E-4,0.00357,0.00379,12.248,0.59,0.074,0.025,-0.131,0.027,12.472,0.031,0,0,0,0,0,0,1,"SN 2001el",56.1275,-44.63983
15,"2021pit","SOUSA",0.00384,8.4E-4,0.00366,0.00388,11.747,0.566,0.072,0.042,-0.042,0.122,12.087,0.038,0,0,0,0,0,0,1,"SN 2021pit",56.12583,-44.63258
42,"1981D","LOWZ",0.00616,8.4E-4,0.00551,0.00587,11.655,0.524,0.161,0.059,-1.152,0.362,12.275,0.06,0,0,0,0,0,0,1,"SN 1981D",50.6625,-37.235
22,"1980N","LOWZ",0.00482,8.4E-4,0.0046,0.00495,11.995,0.558,-0.011,0.028,-1.143,0.118,12.147,0.033,0,0,0,0,0,0,1,"SN 1980N",50.74583,-37.21333
43,"2006dd","LOWZ",0.00616,8.4E-4,0.00551,0.00587,11.933,0.451,0.021,0.026,-0.286,0.044,12.038,0.032,0,0,1,0,0,0,1,"SN 2006dd",50.6735,-37.20367
686,"1992bs","LOWZ",0.06372,9.0E-4,0.0637,0.06405,18.099,0.205,-0.047,0.048,-0.255,0.125,18.009,0.041,0,0,0,0,0,0,1,"SN 1992bs",52.36333,-37.27192
23,"2012fr","SOUSA",0.00483,8.5E-4,0.0046,0.00492,11.88,0.446,0.048,0.042,1.495,0.133,11.792,0.04,0,0,0,0,0,0,1,"SN 2012fr",53.39996,-36.12714
25,"2012fr","CSP",0.00483,8.5E-4,0.0046,0.00492,11.97,0.41,-0.036,0.021,1.158,0.036,11.711,0.024,0,0,0,0,0,0,1,"SN 2012fr",53.39996,-36.12714
56,"2011iv","CSP",0.00668,8.5E-4,0.00594,0.00625,11.969,0.42,-0.056,0.022,-1.897,0.036,12.162,0.023,0,0,0,0,0,0,1,"SN 2011iv",54.714,-35.5922
24,"2007on","CSP",0.00483,8.5E-4,0.0046,0.00491,12.4,0.564,0.003,0.024,-2.221,0.044,12.749,0.024,0,0,1,0,0,0,1,"SN 2007on",54.71208,-35.575
27,"2007on","SOUSA",0.00483,8.5E-4,0.0046,0.00491,12.511,0.574,-0.018,0.041,-2.282,0.085,12.814,0.035,0,0,1,0,0,0,1,"SN 2007on",54.71208,-35.575
26,"1992A","LOWZ",0.00483,8.5E-4,0.0046,0.00492,12.087,0.562,-0.03,0.025,-1.675,0.038,12.274,0.03,0,0,0,0,0,0,1,"SN 1992A",54.11421,-34.95872
392,"2018jjd","CNIa0.02",0.02521,8.6E-4,0.02547,0.0256,15.731,0.183,-0.103,0.029,0.709,0.106,15.41,0.039,0,0,0,0,0,0,1,"SN 2018jjd",66.08354,-31.98744
283,"2007st","CSP",0.02056,8.5E-4,0.02061,0.02113,15.164,0.215,0.034,0.025,-1.629,0.053,15.502,0.03,0,0,1,0,0,0,1,"SN 2007st",27.17696,-48.64939
1322,"1258906","DES",0.34912,0.00123,0.34918,0.35013,22.029,0.204,-0.001,0.036,-0.02,0.31,22.07,0.049,0,0,0,0,2,0,1,"DES13E2tbn",10.26201,-44.39409
1110,"1303883","DES",0.25904,0.00511,0.25911,0.26,21.289,0.161,-0.053,0.031,0.609,0.215,21.066,0.037,0,0,0,0,2,0,1,"DES15E2dzb",8.86327,-44.9171
1312,"1336009","DES",0.34169,0.00123,0.34176,0.3427,21.959,0.32,0.14,0.036,-0.449,0.346,22.513,0.045,0,0,0,0,2,0,1,"DES15E2mhv",8.91619,-44.89373
1356,"1283936","DES",0.36857,0.00125,0.36862,0.3696,22.21,0.344,0.192,0.059,0.086,0.588,22.827,0.081,0,0,0,0,2,0,1,"DES15E2so",8.87756,-44.37133
965,"1327978","DES",0.20691,0.00112,0.20699,0.20786,20.67,0.279,0.045,0.048,0.022,0.579,20.79,0.051,0,0,0,0,2,0,1,"DES15E2kvn",8.27995,-44.14016
1402,"1341370","DES",0.40895,0.00514,0.409,0.41,22.447,0.239,0.016,0.038,1.098,0.564,22.396,0.055,0,0,0,0,2,0,1,"DES15E2nlz",8.9639,-44.6767
1034,"1302648","DES",0.23164,0.00114,0.23171,0.23259,20.835,0.236,0.101,0.031,-0.687,0.22,21.211,0.037,0,0,0,0,2,0,1,"DES14E2fyd",10.00261,-44.05412
1183,"1289288","DES",0.28995,0.00119,0.29001,0.29093,21.486,0.27,0.09,0.046,-0.973,0.498,21.861,0.051,0,0,0,0,2,0,1,"DES15E2cwm",10.17891,-43.94834
1498,"1335472","DES",0.50593,0.00135,0.50598,0.50705,22.826,0.165,-0.047,0.032,-0.074,0.359,22.695,0.038,0,0,0,0,2,0,1,"DES15E2mhj",9.55531,-44.04953
1227,"1281668","DES",0.30691,0.0012,0.30697,0.30791,21.704,0.148,-0.125,0.031,0.197,0.278,21.383,0.036,0,0,0,0,2,0,1,"DES15E2nk",9.41053,-43.92034
1539,"1337117","DES",0.55384,0.00139,0.55389,0.555,22.83,0.175,-0.091,0.033,0.512,0.326,22.561,0.035,0,0,0,0,2,0,1,"DES15E2msq",10.18154,-43.6449
1441,"1336008","DES",0.4376,0.0013,0.43765,0.43867,22.372,0.164,-0.067,0.029,0.671,0.32,22.135,0.037,0,0,0,0,2,0,1,"DES15E2mhy",10.32122,-43.88623
1035,"1275946","DES",0.23205,0.00114,0.23212,0.233,20.952,0.157,-0.079,0.027,1.514,0.157,20.583,0.032,0,0,0,0,2,0,1,"DES15E2bo",10.40397,-43.63778
1455,"1320166","DES",0.44891,0.00514,0.44896,0.45,22.735,0.214,-0.033,0.039,0.363,0.484,22.624,0.048,0,0,0,0,2,0,1,"DES14E2slo",9.34641,-43.87192
1187,"1291090","DES",0.29193,0.00119,0.29199,0.29292,21.508,0.176,-0.093,0.032,1.175,0.226,21.141,0.04,0,0,0,0,2,0,1,"DES14E2u",9.46305,-43.72146
1546,"1285317","DES",0.56437,0.0014,0.56441,0.56555,23.14,0.219,-0.066,0.041,0.151,0.583,22.959,0.053,0,0,0,0,2,0,1,"DES15E2uc",9.47253,-43.31452
1366,"1291957","DES",0.37138,0.00125,0.37143,0.37244,22.081,0.166,-0.051,0.033,0.508,0.258,21.906,0.047,0,0,0,0,2,0,1,"DES14E1tb",7.20002,-43.56227
1239,"1338128","DES",0.31179,0.0012,0.31185,0.3128,21.785,0.209,-0.016,0.034,-0.711,0.332,21.88,0.044,0,0,0,0,2,0,1,"DES15E1nei",8.08366,-43.74083
1448,"1328105","DES",0.44149,0.0013,0.44154,0.44259,22.429,0.182,-0.054,0.036,0.114,0.424,22.262,0.049,0,0,0,0,2,0,1,"DES15E1kvp",8.18706,-43.57693
822,"1293758","DES",0.14803,0.00108,0.14812,0.14896,19.976,0.183,-0.061,0.039,-1.33,0.172,20.023,0.035,0,0,0,0,2,0,1,"DES14E1anf",8.48387,-43.34972
919,"1273127","DES",0.18929,0.00111,0.18937,0.19024,20.683,0.227,0.006,0.043,-1.624,0.595,20.944,0.072,0,0,0,0,0,0,1,"DES15E1u",8.55632,-43.27595
1464,"1334302","DES",0.45458,0.00131,0.45463,0.4557,22.534,0.207,-0.032,0.039,-1.044,0.525,22.582,0.048,0,0,0,0,2,0,1,"DES15E1mar",7.36735,-43.38816
1461,"1290127","DES",0.45218,0.00131,0.45223,0.4533,22.743,0.319,-0.09,0.051,1.295,0.765,22.391,0.102,0,0,0,0,0,0,1,"DES14E1gw",6.69083,-43.43403
1533,"1306980","DES",0.54881,0.00516,0.54886,0.55,22.917,0.378,0.05,0.066,-1.01,0.777,23.099,0.086,0,0,0,0,2,0,1,"DES15E1ebw",7.03607,-43.29156
1385,"1338170","DES",0.38672,0.00126,0.38677,0.3878,22.126,0.269,0.043,0.046,-0.428,0.649,22.345,0.06,0,0,0,0,2,0,1,"DES15E1neh",6.66989,-42.96407
1462,"1253101","DES",0.45328,0.00131,0.45333,0.4544,22.542,0.206,0.005,0.033,1.374,0.365,22.436,0.041,0,0,0,0,2,0,1,"DES13E1goh",7.46512,-43.13777
1555,"1337228","DES",0.57737,0.00141,0.57741,0.57858,23.392,0.29,-0.075,0.075,-0.747,0.757,23.282,0.09,0,0,0,0,2,0,1,"DES15E1mvi",7.52477,-43.03413
1550,"1317454","DES",0.56879,0.00517,0.56883,0.57,22.988,0.261,0.046,0.044,-0.271,0.568,23.099,0.047,0,0,0,0,2,0,1,"DES14E1rpk",8.0244,-42.66624
1010,"1331123","DES",0.2215,0.00113,0.22157,0.22248,20.941,0.164,-0.006,0.031,-1.597,0.2,21.165,0.037,0,0,0,0,2,0,1,"DES15E1lew",8.03634,-42.55418
1578,"1302141","DES",0.60876,0.00518,0.6088,0.61,23.175,0.349,0.033,0.064,0.273,0.732,23.188,0.071,0,0,0,0,2,0,1,"DES15E1cwo",7.83045,-42.5014
1421,"1306991","DES",0.42195,0.00129,0.42199,0.42306,22.281,0.269,-0.065,0.059,-0.599,0.691,22.193,0.094,0,0,0,0,2,0,1,"DES15E1ece",8.46814,-42.09476
1355,"1343533","DES",0.36839,0.00125,0.36844,0.36947,22.295,0.335,-0.013,0.069,-0.893,1.168,22.38,0.079,0,0,0,0,2,0,1,"DES15E1ods",7.35839,-42.26735
903,"1257695","DES",0.18375,0.00111,0.18383,0.18472,20.427,0.149,-0.128,0.026,0.379,0.091,20.09,0.032,0,0,0,0,2,0,1,"DES13E1sae",7.60161,-42.29824
1454,"1328066","DES",0.44886,0.00514,0.4489,0.45,22.632,0.22,-0.134,0.038,0.763,0.447,22.232,0.056,0,0,0,0,2,0,1,"DES15E1kst",7.31725,-42.0522
248,"1992bo","LOWZ",0.01808,8.6E-4,0.01805,0.01884,15.355,0.2,-0.064,0.028,-2.004,0.064,15.507,0.035,0,0,0,0,0,0,1,"SN 1992bo",20.4935,-34.21208
267,"1992bc","LOWZ",0.02006,8.6E-4,0.01976,0.02017,15.259,0.198,-0.138,0.026,0.856,0.072,14.844,0.032,1,0,0,0,0,0,1,"SN 1992bc",46.31687,-39.55961
987,"1249851","DES",0.21507,0.00113,0.21511,0.21552,20.63,0.477,0.011,0.094,-2.074,0.73,20.967,0.128,0,0,0,0,0,0,1,"DES13C2dyc",55.21803,-29.39998
1300,"1346966","DES",0.3351,0.00122,0.33513,0.33558,21.771,0.176,-0.107,0.032,0.584,0.402,21.448,0.038,0,0,0,0,2,0,1,"DES15C2oxo",55.34069,-29.14934
1137,"1309288","DES",0.26791,0.00117,0.26794,0.26838,21.257,0.2,-0.111,0.046,0.515,0.442,20.919,0.063,0,0,0,0,2,0,1,"DES14C2mng",54.64487,-29.19443
1294,"1306141","DES",0.33237,0.00122,0.3324,0.33286,21.724,0.157,-0.076,0.028,-0.133,0.217,21.578,0.035,0,0,0,0,2,0,1,"DES14C2kct",54.89777,-28.91076
1393,"1333438","DES",0.39944,0.00127,0.39946,0.4,22.459,0.287,0.096,0.052,0.539,0.481,22.615,0.063,0,0,0,0,2,0,1,"DES15C3lvt",52.35248,-28.9967
1666,"1325358","DES",0.77929,0.00522,0.77931,0.78,23.787,0.31,0.005,0.075,0.166,0.689,23.68,0.045,0,0,0,0,2,0,1,"DES14C3uje",52.2841,-28.95156
1641,"1329166","DES",0.73161,0.00153,0.73163,0.7323,23.927,0.195,-0.051,0.054,0.123,0.356,23.751,0.042,0,0,0,0,2,0,1,"DES15C3kuw",52.30352,-28.91163
844,"1299775","DES",0.16004,0.00109,0.16009,0.16051,19.79,0.269,0.181,0.038,-0.415,0.197,20.348,0.048,0,0,0,0,2,0,1,"DES14C2fkd",53.43889,-29.67674
1487,"1292145","DES",0.49244,0.00134,0.49246,0.493,23.025,0.334,0.112,0.061,0.579,0.666,23.284,0.072,0,0,0,0,2,0,1,"DES15C2dym",53.63053,-29.64895
1230,"1319821","DES",0.30878,0.0012,0.30881,0.30929,21.742,0.15,-0.098,0.032,-0.496,0.223,21.582,0.038,0,0,0,0,2,0,1,"DES14C2rsj",53.35785,-29.47189
887,"1303496","DES",0.17975,0.0011,0.17979,0.18021,20.343,0.207,0.051,0.033,-0.409,0.344,20.544,0.044,0,0,0,0,2,0,1,"DES14C2ikn",53.84821,-29.59179
1536,"1339450","DES",0.55046,0.00139,0.55048,0.55105,23.157,0.375,0.079,0.067,-0.978,1.103,23.391,0.082,0,0,0,0,2,0,1,"DES15C2nfs",53.62102,-29.16904
1054,"470008","PS1MD",0.2395,0.01005,0.23954,0.24,20.653,0.207,-0.036,0.038,0.824,0.365,20.437,0.048,0,0,0,3,0,0,1,"[JSR2018] psc470008",53.08275,-29.01379
939,"1302058","DES",0.19782,0.00112,0.19786,0.1983,20.239,0.187,-0.012,0.028,0.372,0.128,20.213,0.033,0,0,0,0,2,0,1,"DES14C2gwx",53.39639,-29.19062
1401,"1308314","DES",0.40646,0.00514,0.40648,0.407,22.438,0.167,-0.057,0.029,-0.023,0.274,22.319,0.034,0,0,0,0,2,0,1,"DES14C2kdr",53.41561,-28.94075
1307,"580276","PS1MD",0.33848,0.0015,0.33851,0.339,21.86,0.199,-0.092,0.04,0.117,0.516,21.609,0.047,0,0,0,3,0,0,1,"[JSR2018] psc580276",53.52138,-28.8077
1530,"1324542","DES",0.54152,0.00138,0.54154,0.5421,23.277,0.241,-0.073,0.043,0.396,0.616,23.056,0.045,0,0,0,0,2,0,1,"DES14C2vnf",53.8952,-29.04799
1297,"1346956","DES",0.3335,0.00122,0.33353,0.334,21.784,0.174,-0.073,0.034,0.984,0.375,21.486,0.044,0,0,0,0,2,0,1,"DES15C2oxn",54.3435,-28.82643
1308,"1343337","DES",0.33897,0.00122,0.339,0.33947,21.803,0.355,0.152,0.041,0.772,0.667,22.233,0.053,0,0,0,0,2,0,1,"DES15C2odp",54.55917,-28.70987
1302,"470015","PS1MD",0.33749,0.0015,0.33752,0.338,21.915,0.277,0.06,0.088,0.666,0.769,21.937,0.118,0,0,0,3,0,0,1,"[JSR2018] psc470015",54.14855,-28.62511
1327,"440185","PS1MD",0.34949,0.01006,0.34952,0.35,21.9,0.204,-0.07,0.037,0.197,0.448,21.701,0.067,0,0,0,2,0,0,1,"PS1-12bnf",54.34953,-28.44001
1114,"1330426","DES",0.25952,0.00511,0.25954,0.26,21.189,0.168,-0.104,0.026,1.276,0.119,20.784,0.03,0,0,0,0,2,0,1,"DES15C2kyh",53.97044,-28.69237
1618,"1262214","DES",0.68936,0.00519,0.68937,0.69,23.791,0.271,-0.14,0.072,0.237,0.281,23.472,0.032,0,0,0,0,2,0,1,"DES13C3abht",53.50269,-28.6602
1381,"580275","PS1MD",0.38248,0.00153,0.3825,0.383,22.12,0.264,-0.084,0.039,-0.492,0.932,21.956,0.047,0,0,0,3,0,0,1,"[JSR2018] psc580275",54.13913,-28.61392
897,"1339392","DES",0.18145,0.0011,0.18148,0.18191,20.142,0.234,-0.055,0.056,-0.48,0.605,20.078,0.098,0,0,0,0,2,0,1,"DES15C2njv",54.12446,-28.56985
1378,"1299785","DES",0.38129,0.00126,0.38131,0.38182,22.202,0.202,0.046,0.041,0.038,0.41,22.299,0.056,0,0,0,0,2,0,1,"DES14C2fkf",53.91151,-28.3193
805,"90275","PS1MD",0.13955,0.00138,0.13959,0.14,19.768,0.143,-0.038,0.032,-1.108,0.173,19.834,0.041,0,0,0,3,0,0,0,"[JSR2018] psc090275",54.07209,-28.05151
885,"1347120","DES",0.17952,0.0051,0.17955,0.18,20.298,0.279,0.052,0.03,-0.439,0.134,20.605,0.039,0,0,0,0,0,0,1,"DES15C3orz",52.88987,-28.91197
1223,"440005","PS1MD",0.30548,0.00148,0.30551,0.306,21.751,0.225,0.13,0.04,0.195,0.443,22.014,0.053,0,0,0,3,0,0,1,"[JSR2018] psc440005",52.98925,-28.88356
817,"440008","PS1MD",0.14652,0.00138,0.14656,0.147,19.905,0.186,0.0,0.026,-0.308,0.193,20.008,0.033,0,0,0,3,0,0,1,"[JSR2018] psc440008",52.67347,-28.86321
1664,"1329196","DES",0.76932,0.00521,0.76933,0.77001,23.964,0.16,-0.073,0.046,0.493,0.283,23.711,0.033,0,0,0,0,2,0,1,"DES15C3kue",53.07578,-28.90647
1488,"1343208","DES",0.49499,0.00134,0.49501,0.49558,22.829,0.163,-0.01,0.03,-0.102,0.366,22.786,0.035,0,0,0,0,2,0,1,"DES15C3nym",52.84648,-28.54423
1480,"310146","PS1MD",0.47941,0.01008,0.47943,0.48,22.617,0.202,-0.121,0.04,0.737,0.451,22.254,0.049,0,0,0,3,0,0,1,"[JSR2018] psc310146",52.48657,-28.74193
1653,"1285160","DES",0.7493,0.00521,0.74932,0.75,23.924,0.161,-0.171,0.048,-0.316,0.276,23.614,0.036,0,0,0,0,2,0,1,"DES15C3tz",52.39891,-28.64758
1313,"1346387","DES",0.34446,0.00512,0.34448,0.345,22.055,0.15,-0.032,0.028,-2.127,0.334,22.28,0.034,0,0,0,0,2,0,1,"DES15C3omh",52.69501,-28.64933
1316,"470110","PS1MD",0.34545,0.0015,0.34547,0.346,21.95,0.229,-0.026,0.049,0.481,0.864,21.791,0.063,0,0,0,3,0,0,1,"[JSR2018] psc470110",52.07057,-28.62332
1625,"1335718","DES",0.69932,0.0052,0.69933,0.7,23.858,0.154,-0.146,0.04,0.625,0.264,23.489,0.033,0,0,0,0,2,0,1,"DES15C3mga",52.30944,-28.38537
1219,"1335717","DES",0.30476,0.0012,0.30478,0.30528,21.788,0.241,0.04,0.027,-0.074,0.122,21.978,0.03,0,0,0,0,2,0,1,"DES15C3mgv",52.8599,-28.3531
990,"100206","PS1MD",0.2165,0.00142,0.21653,0.217,20.572,0.139,-0.075,0.03,0.251,0.282,20.345,0.035,0,0,0,3,0,0,1,"[JSR2018] psc100206",52.51817,-28.25669
1617,"1262715","DES",0.68935,0.00519,0.68937,0.69,23.601,0.154,-0.076,0.042,1.024,0.325,23.292,0.032,0,0,0,0,2,0,1,"DES13C3abhe",53.36996,-28.44271
1028,"6","PS1MD",0.23041,0.00143,0.23044,0.2309,21.053,0.259,0.129,0.037,-0.009,0.439,21.4,0.045,0,0,0,3,0,0,0,"[JSR2018] psc000006",53.36645,-28.37152
1182,"350180","PS1MD",0.28949,0.01006,0.28952,0.29,21.724,0.255,-0.033,0.036,0.453,0.734,21.609,0.043,0,0,0,3,0,0,1,"[JSR2018] psc350180",53.46273,-28.13763
1329,"1248677","DES",0.35015,0.00123,0.35017,0.35067,21.934,0.145,-0.119,0.022,0.9,0.107,21.539,0.028,0,0,0,1,2,0,1,"DES13C3dgs",53.64622,-28.127
946,"110460","PS1MD",0.19953,0.00141,0.19956,0.2,20.598,0.253,0.019,0.037,-0.123,0.26,20.74,0.042,0,0,0,3,0,0,1,"[JSR2018] psc110460",53.84476,-27.84028
1449,"1295256","DES",0.44245,0.00514,0.44246,0.443,22.599,0.171,-0.103,0.028,-0.149,0.349,22.379,0.036,0,0,0,0,2,0,1,"DES14C1bdv",53.71942,-27.83277
1512,"450175","PS1MD",0.51941,0.00161,0.51943,0.52,22.991,0.314,-0.155,0.087,-0.842,0.768,22.689,0.061,0,0,0,3,0,0,1,"[JSR2018] psc450175",53.2865,-28.0845
1296,"1309492","DES",0.3335,0.00122,0.33353,0.33403,21.75,0.139,-0.089,0.022,0.17,0.09,21.53,0.027,0,0,0,0,2,0,1,"DES14C3mpt",53.30085,-28.02487
1342,"1307830","DES",0.35946,0.00513,0.35949,0.36,22.168,0.152,-0.099,0.03,-1.76,0.2,22.184,0.033,0,0,0,0,2,0,1,"DES15C3edd",53.29446,-27.95777
1687,"Inanna","HST",1.30611,0.00199,1.30612,1.30701,25.767,0.444,0.095,0.054,-1.611,1.437,26.27,0.191,0,0,0,0,0,0,1,"SN 2003aj",53.18471,-27.91844
1279,"1316465","DES",0.32907,0.00122,0.3291,0.32961,21.804,0.163,-0.027,0.023,0.432,0.104,21.708,0.028,0,0,0,0,2,0,1,"DES14C3rap",52.79748,-27.95931
1692,"Mcguire","HST",1.35608,0.00203,1.3561,1.35701,25.556,0.237,-0.071,0.03,-0.703,0.711,25.495,0.068,0,0,0,1,0,0,1,"[RSC2007] HST04Mcg",53.04175,-27.83055
1689,"washington","CANDELS",1.3291,0.02009,1.32911,1.33001,25.622,0.237,-0.096,0.044,0.966,0.775,25.33,0.079,0,0,0,1,0,0,1,"[RRS2014] GSD11Was",53.0869,-27.82819
1685,"Aphrodite","HST",1.29911,0.00535,1.29912,1.30001,25.611,0.274,-0.057,0.05,0.623,0.348,25.439,0.041,1,0,0,1,0,0,1,"SN 2002fw",53.1563,-27.77956
1696,"Primo","CANDELS",1.54901,0.00213,1.54903,1.55001,26.04,0.232,-0.202,0.077,-0.512,0.411,25.748,0.087,0,0,0,1,0,0,1,"[RRD2012] SN",53.15837,-27.77752
1686,"Thoth","HST",1.3041,0.00199,1.30412,1.30501,25.468,0.315,-0.082,0.08,-0.373,0.509,25.329,0.086,0,0,0,1,0,0,1,"SN 2002hp",53.10326,-27.77169
1676,"Ombo","HST",0.97423,0.00172,0.97424,0.975,24.858,0.2,-0.059,0.043,1.713,0.293,24.583,0.032,1,0,0,0,0,0,1,"[RSC2007] HST04Omb",53.10558,-27.75084
818,"1316385","DES",0.14737,0.00108,0.14741,0.14784,19.762,0.196,-0.011,0.032,1.292,0.253,19.599,0.046,0,0,0,0,2,0,1,"DES14C1qty",53.52598,-27.63212
1131,"110478","PS1MD",0.2646,0.00145,0.26462,0.2651,21.262,0.196,-0.043,0.033,0.926,0.321,21.06,0.041,0,0,0,3,0,0,1,"[JSR2018] psc110478",53.5803,-27.5689
1608,"1334707","DES",0.64962,0.00146,0.64964,0.6503,23.528,0.147,-0.175,0.04,0.494,0.252,23.158,0.034,0,0,0,0,2,0,1,"DES15C3lyd",51.77636,-28.62785
1499,"1343759","DES",0.50615,0.00135,0.50617,0.50677,22.851,0.149,-0.097,0.025,0.43,0.347,22.576,0.028,0,0,0,0,2,0,1,"DES15C3odz",51.97898,-28.56443
1014,"1304442","DES",0.22449,0.0051,0.22451,0.225,20.876,0.195,-0.103,0.036,0.204,0.292,20.626,0.053,0,0,0,0,2,0,1,"DES14C3hud",52.16306,-28.10829
1518,"1322979","DES",0.52937,0.00516,0.52939,0.53,23.038,0.138,-0.094,0.024,0.063,0.224,22.812,0.026,0,0,0,0,2,0,1,"DES14C3tvk",52.06934,-28.06367
1600,"1334879","DES",0.63934,0.00518,0.63936,0.64,23.537,0.17,0.096,0.041,-0.029,0.263,23.67,0.039,0,0,0,0,2,0,1,"DES15C3lzl",52.40885,-28.21637
1206,"120444","PS1MD",0.29945,0.00147,0.29947,0.3,21.768,0.194,-0.186,0.119,0.277,0.838,21.315,0.183,0,0,0,3,0,0,1,"[JSR2018] psc120444",51.682,-27.93624
1156,"1297465","DES",0.27782,0.00118,0.27784,0.27836,21.666,0.176,0.032,0.027,1.148,0.133,21.592,0.032,0,0,0,0,2,0,1,"DES14C3cwp",51.79531,-27.8221
1415,"1289600","DES",0.4196,0.00129,0.41962,0.42019,22.613,0.223,0.04,0.028,1.265,0.262,22.629,0.032,0,0,0,0,2,0,1,"DES15C3axd",52.04766,-27.86285
1305,"1300912","DES",0.33778,0.00122,0.3378,0.33834,21.901,0.232,0.045,0.026,-0.468,0.144,22.149,0.033,0,0,0,0,2,0,1,"DES14C3foo",52.03789,-27.53291
1150,"100213","PS1MD",0.27509,0.00146,0.27511,0.2756,21.524,0.238,0.015,0.042,0.84,0.425,21.506,0.058,0,0,0,3,0,0,1,"[JSR2018] psc100213",53.06715,-27.19431
1669,"1309749","DES",0.78928,0.00522,0.78929,0.79,23.947,0.163,-0.132,0.046,0.63,0.329,23.598,0.033,0,0,0,0,2,0,1,"DES14C3mpr",52.53842,-27.31742
1000,"1302187","DES",0.21941,0.00113,0.21943,0.21992,20.752,0.207,0.029,0.039,-0.863,0.332,20.957,0.053,0,0,0,0,2,0,1,"DES14C3gqv",52.16189,-27.14212
334,"ASASSN-14fa","SOUSA",0.02316,8.7E-4,0.02262,0.02315,15.63,0.274,-0.09,0.057,-1.939,0.263,15.74,0.046,0,0,0,0,0,0,1,"ASASSN-14fa",43.09608,-31.82167
607,"AT2016htm","FOUND",0.04289,8.8E-4,0.04265,0.04332,16.949,0.16,-0.078,0.033,-0.467,0.201,16.858,0.037,0,0,0,0,0,0,1,"AT2016htm",38.01092,-26.66589
1391,"1291794","DES",0.3951,0.00127,0.39512,0.3956,22.215,0.202,-0.014,0.038,-0.125,0.464,22.181,0.046,0,0,0,0,2,0,1,"DES15C2dyj",55.16933,-28.71185
1389,"1290779","DES",0.38949,0.00513,0.38951,0.39,22.291,0.19,-0.049,0.031,-0.738,0.383,22.277,0.037,0,0,0,0,2,0,1,"DES14C1eu",54.72325,-27.90507
864,"1303279","DES",0.1727,0.0011,0.17274,0.17315,20.015,0.15,-0.092,0.033,0.953,0.329,19.652,0.043,0,0,0,0,2,0,1,"DES14C1jkw",54.90679,-27.81302
1417,"1340454","DES",0.41995,0.00129,0.41997,0.42047,22.186,0.293,0.118,0.039,1.407,0.481,22.44,0.052,0,0,0,0,2,0,1,"DES15C1nhv",54.75391,-27.84315
996,"1304678","DES",0.21881,0.00113,0.21884,0.21927,20.889,0.246,-0.073,0.087,-1.541,0.603,20.938,0.127,0,0,0,0,2,0,1,"DES14C1ikl",54.87009,-27.64395
1481,"1306537","DES",0.47946,0.00515,0.47948,0.48,22.758,0.197,-0.086,0.036,1.121,0.458,22.429,0.053,0,0,0,0,2,0,1,"DES15C1ebo",55.041,-27.55919
1213,"460037","PS1MD",0.30251,0.00148,0.30254,0.303,21.636,0.223,-0.066,0.054,0.808,0.676,21.38,0.076,0,0,0,3,0,0,1,"[JSR2018] psc460037",54.72697,-27.54109
995,"1290816","DES",0.21845,0.00113,0.21848,0.21892,20.969,0.203,-0.003,0.027,1.263,0.224,20.846,0.032,0,0,0,0,2,0,1,"DES14C1es",54.17251,-27.84
1463,"1253039","DES",0.45346,0.00514,0.45347,0.454,22.633,0.142,-0.108,0.028,0.302,0.263,22.323,0.031,0,0,0,1,2,0,1,"DES13C1hwx",54.41859,-27.5274
1528,"1289656","DES",0.53942,0.00516,0.53944,0.54,23.081,0.243,-0.041,0.05,0.027,0.571,22.977,0.063,0,0,0,0,2,0,1,"DES15C1aww",54.30167,-27.35543
745,"100405","PS1MD",0.10294,0.00136,0.10298,0.1034,18.929,0.184,0.045,0.055,-0.942,0.364,19.182,0.084,0,0,0,3,0,0,1,"[JSR2018] psc100405",53.62855,-27.32058
1041,"110536","PS1MD",0.23472,0.00144,0.23475,0.2352,20.938,0.327,0.176,0.051,0.551,0.513,21.329,0.064,0,0,0,3,0,0,1,"[JSR2018] psc110536",54.33252,-26.90175
979,"1257366","DES",0.21134,0.00113,0.21137,0.21182,20.889,0.265,0.104,0.041,-0.16,0.443,21.197,0.053,0,0,0,1,2,0,1,"DES13C1ryv",53.89956,-26.96927
1314,"350606","PS1MD",0.34448,0.0015,0.3445,0.345,22.038,0.298,-0.021,0.063,-1.237,1.441,22.123,0.071,0,0,0,2,0,0,1,"PS1-12dh",54.20329,-26.76048
1419,"1306626","DES",0.42088,0.00129,0.4209,0.4214,22.365,0.174,-0.098,0.031,0.221,0.362,22.111,0.043,0,0,0,0,2,0,1,"DES15C1ebn",54.87728,-27.23899
1276,"1337687","DES",0.32868,0.00122,0.3287,0.32917,21.819,0.148,-0.135,0.025,0.951,0.151,21.386,0.03,0,0,0,0,2,0,1,"DES15C1mvy",55.04709,-26.97563
930,"1253920","DES",0.19553,0.00112,0.19556,0.19599,20.458,0.154,-0.099,0.028,-0.74,0.135,20.354,0.034,0,0,0,1,2,0,1,"DES13C1juw",54.62931,-27.04277
967,"1283373","DES",0.20751,0.00112,0.20754,0.20797,20.82,0.147,-0.06,0.033,-1.053,0.237,20.828,0.044,0,0,0,0,2,0,1,"DES15C1atm",54.94672,-26.73039
1522,"1337703","DES",0.53225,0.00137,0.53226,0.53281,22.729,0.22,-0.102,0.046,-1.037,0.465,22.617,0.054,0,0,0,0,2,0,1,"DES15C1mvx",54.88359,-26.72433
1371,"1299643","DES",0.37676,0.00125,0.37678,0.37727,22.163,0.152,-0.092,0.029,0.65,0.257,21.866,0.039,0,0,0,0,2,0,1,"DES14C1fkl",55.10263,-26.72208
1586,"1335868","DES",0.61941,0.00518,0.61942,0.62,23.442,0.274,-0.044,0.063,1.514,0.613,23.203,0.069,0,0,0,0,2,0,1,"DES15C1mhp",55.0891,-26.51267
1348,"1346137","DES",0.36325,0.00124,0.36326,0.36379,22.111,0.213,0.023,0.043,0.791,0.618,22.048,0.046,0,0,0,0,2,0,1,"DES15C1olp",53.25917,-26.85409
922,"440643","PS1MD",0.18952,0.01005,0.18955,0.19,20.509,0.237,-0.093,0.03,0.732,0.187,20.193,0.036,0,0,0,3,0,0,1,"[JSR2018] psc440643",53.60364,-26.77391
1059,"460064","PS1MD",0.24151,0.00144,0.24153,0.242,20.868,0.182,-0.072,0.028,0.829,0.279,20.596,0.032,0,0,0,3,0,0,1,"[JSR2018] psc460064",53.77421,-26.76494
1465,"1306360","DES",0.45477,0.00131,0.45478,0.45534,22.631,0.283,-0.004,0.052,-0.609,0.732,22.683,0.06,0,0,0,0,2,0,1,"DES15C1eat",53.67671,-26.48698
986,"110567","PS1MD",0.2144,0.00142,0.21442,0.2149,20.765,0.298,0.15,0.051,-1.013,0.473,21.316,0.06,0,0,0,3,0,0,1,"[JSR2018] psc110567",52.71315,-26.45998
1015,"550096","PS1MD",0.22449,0.00143,0.22451,0.225,20.692,0.244,0.016,0.066,1.205,0.525,20.573,0.1,0,0,0,3,0,0,1,"[JSR2018] psc550096",52.77663,-26.39792
302,"ASASSN-18da","CNIa0.02",0.0217,8.6E-4,0.02157,0.022,15.518,0.194,-0.134,0.029,1.187,0.137,15.067,0.036,0,0,0,0,0,0,1,"ASASSN-18da",52.31937,-23.97864
368,"2009D","CSP",0.02453,8.6E-4,0.02476,0.0251,15.755,0.16,-0.097,0.022,0.65,0.027,15.432,0.036,0,0,1,1,2,0,1,"SN 2009D",58.59512,-19.18172
369,"2009D","LOSS2",0.02453,8.6E-4,0.02476,0.0251,15.822,0.208,-0.088,0.041,1.045,0.411,15.462,0.074,0,0,1,1,2,0,1,"SN 2009D",58.59512,-19.18172
370,"2009D","CfA4p1",0.02453,8.6E-4,0.02476,0.0251,15.696,0.169,-0.071,0.03,0.425,0.118,15.462,0.047,0,0,1,1,2,0,1,"SN 2009D",58.59512,-19.18172
66,"2002fk","CfA3S",0.00719,8.5E-4,0.00668,0.00719,13.189,0.299,-0.11,0.025,0.093,0.032,12.946,0.036,0,0,0,0,0,0,1,"SN 2002fk",50.52379,-15.40089
67,"2002fk","LOSS1",0.00719,8.5E-4,0.00668,0.00719,13.211,0.299,-0.137,0.019,0.062,0.026,12.912,0.031,0,0,0,0,0,0,1,"SN 2002fk",50.52379,-15.40089
217,"ASASSN-16ip","FOUND",0.01678,8.5E-4,0.01632,0.01701,14.915,0.245,-0.02,0.034,-0.877,0.107,15.054,0.039,0,0,0,0,0,0,1,"ASASSN-16ip",36.84042,-23.92925
244,"2009le","CSP",0.01784,8.5E-4,0.01739,0.01815,15.041,0.245,0.065,0.022,0.916,0.172,15.078,0.024,0,0,1,1,2,0,1,"SN 2009le",32.32142,-23.41244
245,"2009le","CfA4p2",0.01784,8.5E-4,0.01739,0.01815,14.989,0.221,0.003,0.033,-0.019,0.122,15.005,0.038,0,0,1,1,2,0,1,"SN 2009le",32.32142,-23.41244
657,"2006ot","CSP",0.05202,8.9E-4,0.05232,0.0531,17.615,0.207,0.1,0.023,0.821,0.092,17.727,0.025,0,0,1,0,0,0,1,"SN 2006ot",33.77017,-20.76617
658,"2006ot","CfA3K",0.05202,8.9E-4,0.05232,0.0531,17.29,0.298,0.134,0.049,-1.136,0.454,17.778,0.039,0,0,1,0,0,0,1,"SN 2006ot",33.77017,-20.76617
659,"AT2016htn","FOUND",0.05222,8.9E-4,0.05229,0.05312,17.588,0.217,0.077,0.037,-0.151,0.35,17.8,0.044,0,0,0,0,0,0,1,"AT2016htn",32.87112,-16.51031
473,"AT2017lm","FOUND",0.03031,8.6E-4,0.03002,0.03064,16.301,0.215,-0.016,0.036,1.078,0.317,16.158,0.054,0,0,0,0,0,1,1,"AT2017lm",45.385,-15.01599
136,"2008R","CSP",0.01246,8.6E-4,0.0126,0.01321,14.576,0.264,0.014,0.026,-2.24,0.05,14.955,0.047,0,0,1,0,0,0,1,"SN 2008R",45.97375,-11.99428
478,"ASASSN-15uw","FOUND",0.03076,8.7E-4,0.03004,0.03081,16.355,0.211,0.046,0.034,-0.702,0.131,16.595,0.04,0,0,0,0,0,1,1,"ASASSN-15uw",38.89295,-6.06305
433,"2005eq","LOSS1",0.02823,8.6E-4,0.02831,0.02893,16.253,0.161,-0.01,0.025,1.509,0.089,16.0,0.048,1,0,1,1,2,0,1,"SN 2005eq",47.20546,-7.03325
434,"2005eq","CSP",0.02823,8.6E-4,0.02831,0.02893,16.303,0.158,-0.018,0.024,1.439,0.054,16.039,0.046,1,0,1,1,2,0,1,"SN 2005eq",47.20546,-7.03325
435,"2005eq","CfA3K",0.02823,8.6E-4,0.02831,0.02893,16.305,0.159,-0.022,0.029,1.308,0.076,16.051,0.05,1,0,1,1,2,0,1,"SN 2005eq",47.20546,-7.03325
775,"6406","SDSS",0.12393,9.4E-4,0.12377,0.12449,19.397,0.143,0.0,0.023,0.129,0.133,19.382,0.045,1,1,0,1,0,0,1,"SDSS-II SN 6406",46.0886,-1.06302
899,"1580","SDSS",0.18229,9.9E-4,0.18216,0.18293,20.273,0.147,-0.031,0.031,0.892,0.237,20.068,0.066,1,1,0,1,0,0,1,"SDSS-II SN 1580",45.3231,-0.64406
247,"2007as","CSP",0.01802,9.7E-4,0.01791,0.01757,15.013,0.233,0.017,0.03,-0.984,0.039,15.209,0.081,0,0,1,0,0,0,1,"SN 2007as",141.90004,-80.17756
188,"2008bc","CSP",0.01546,8.6E-4,0.01572,0.01509,14.78,0.225,-0.132,0.04,0.574,0.03,14.416,0.137,0,0,1,0,0,0,1,"SN 2008bc",144.63012,-63.97378
28,"2015F","SOUSA",0.00488,8.4E-4,0.00515,0.00476,12.194,0.447,0.044,0.054,-1.164,0.12,12.496,0.121,0,0,0,0,0,0,1,"SN 2015F",114.06567,-69.50639
29,"2015F","CSP",0.00488,8.4E-4,0.00515,0.00476,12.286,0.406,-0.069,0.033,-0.994,0.03,12.275,0.107,0,0,0,0,0,0,1,"SN 2015F",114.06567,-69.50639
546,"1992bg","LOWZ",0.03515,8.8E-4,0.03574,0.03525,16.641,0.21,-0.052,0.053,-0.453,0.122,16.579,0.11,1,0,0,0,0,0,1,"SN 1992bg",115.48562,-62.51944
314,"2008ia","CSP",0.02231,8.6E-4,0.02257,0.02194,15.672,0.168,-0.083,0.043,-1.247,0.048,15.67,0.133,0,0,1,0,0,0,1,"SN 2008ia",132.64646,-61.27794
644,"1993ag","LOWZ",0.04985,8.9E-4,0.05019,0.04909,17.387,0.243,0.047,0.05,-0.829,0.136,17.614,0.07,0,0,0,0,0,0,1,"SN 1993ag",150.89583,-35.46322
112,"2013E","SOUSA",0.01016,8.5E-4,0.01042,0.00936,13.526,0.348,0.008,0.049,0.36,0.253,13.501,0.068,0,0,0,0,0,0,1,"SN 2013E",150.023,-34.2337
698,"1993B","LOWZ",0.07023,9.0E-4,0.07076,0.0696,18.041,0.276,0.034,0.055,-0.323,0.163,18.21,0.066,0,0,0,0,0,0,1,"SN 1993B",158.71408,-34.44167
157,"2007cv","SOUSA",0.01386,8.6E-4,0.01361,0.01245,14.421,0.344,-0.006,0.047,-2.146,0.118,14.806,0.055,0,0,0,0,0,0,1,"SN 2007cv",159.43917,-27.0825
76,"2012hr","SOUSA",0.00814,8.4E-4,0.00788,0.00757,13.456,0.367,-0.048,0.044,-0.022,0.194,13.347,0.044,0,0,0,0,0,0,1,"SN 2012hr",95.41025,-59.71406
584,"2008O","CSP",0.03847,8.8E-4,0.0394,0.03889,16.972,0.31,0.252,0.027,-1.931,0.071,17.859,0.054,0,0,1,0,0,0,1,"SN 2008O",104.39358,-45.81231
506,"2008bq","CSP",0.03166,8.7E-4,0.03279,0.03232,16.475,0.176,0.013,0.025,0.36,0.04,16.452,0.055,0,0,1,1,2,0,1,"SN 2008bq",100.26046,-38.03861
118,"2004S","LOSS1",0.01042,8.4E-4,0.0098,0.0093,13.871,0.316,-0.006,0.032,-0.182,0.056,13.949,0.068,1,0,0,0,0,0,1,"SN 2004S",101.43125,-31.23125
663,"2006lu","CSP",0.05346,8.8E-4,0.05449,0.0534,17.61,0.131,-0.14,0.028,0.269,0.067,17.252,0.067,0,0,1,1,2,0,1,"SN 2006lu",138.82346,-25.60008
80,"1996Z","CfA1",0.00817,8.5E-4,0.00867,0.00757,13.193,0.49,0.207,0.034,-0.348,0.779,14.038,0.068,0,0,0,0,0,0,1,"SN 1996Z",144.18675,-21.14769
89,"2005am","LOSS1",0.00863,8.5E-4,0.00841,0.00733,13.121,0.337,0.003,0.027,-1.799,0.042,13.409,0.042,0,0,1,0,0,0,1,"SN 2005am",139.05196,-16.30444
90,"2005am","CSP",0.00863,8.5E-4,0.00841,0.00733,13.142,0.33,-0.023,0.025,-1.867,0.032,13.372,0.038,0,0,1,0,0,0,1,"SN 2005am",139.05196,-16.30444
91,"2005am","CfA3K",0.00863,8.5E-4,0.00841,0.00733,13.082,0.337,-0.003,0.029,-1.92,0.046,13.37,0.044,0,0,1,0,0,0,1,"SN 2005am",139.05196,-16.30444
632,"AT2017yk","FOUND",0.04691,8.9E-4,0.04764,0.04644,17.505,0.279,0.152,0.042,-0.599,0.566,17.98,0.052,0,0,0,0,0,1,1,"AT2017yk",146.13237,-12.30822
651,"2008hu","CSP",0.05052,8.9E-4,0.05071,0.04981,17.451,0.131,-0.049,0.028,-1.719,0.057,17.587,0.062,0,0,1,0,0,0,1,"SN 2008hu",122.3115,-18.65364
507,"ASASSN-16oz","FOUND",0.03192,0.00218,0.03207,0.031,16.206,0.275,-0.04,0.037,1.491,0.186,15.932,0.05,0,0,0,0,0,0,1,"ASASSN-16oz",135.05575,-13.63395
7,"2013aa","SOUSA",0.00331,8.5E-4,0.00478,0.00411,11.207,0.594,-0.104,0.054,0.513,0.152,10.891,0.106,0,0,0,0,0,0,1,"SN 2013aa",218.14117,-44.22439
8,"2013aa","CSP",0.00331,8.5E-4,0.00478,0.00411,11.3,0.58,-0.158,0.036,0.633,0.139,10.844,0.1,0,0,0,0,0,0,1,"SN 2013aa",218.14117,-44.22439
9,"2017cbv","CSP",0.00331,8.5E-4,0.00478,0.00411,11.148,0.578,-0.126,0.032,0.617,0.053,10.773,0.094,0,0,0,0,0,0,1,"SN 2017cbv",218.14342,-44.13409
10,"2017cbv","CNIa0.02",0.00331,8.5E-4,0.00478,0.00411,11.258,0.578,-0.096,0.035,0.819,0.066,10.914,0.099,0,0,0,0,0,0,1,"SN 2017cbv",218.14342,-44.13409
133,"2001cz","LOWZ",0.01213,8.6E-4,0.01275,0.01178,14.625,0.345,0.041,0.029,0.124,0.062,14.825,0.06,1,0,0,0,0,0,1,"SN 2001cz",191.87571,-39.58003
656,"1993O","LOWZ",0.05194,9.1E-4,0.05148,0.05051,17.523,0.227,-0.102,0.046,-0.651,0.1,17.377,0.044,0,0,0,0,0,0,1,"SN 1993O",202.78279,-33.21403
355,"2000ca","LOWZ",0.02391,8.8E-4,0.02454,0.02361,15.646,0.188,-0.116,0.028,0.521,0.071,15.324,0.049,1,0,0,0,0,0,1,"SN 2000ca",203.84575,-34.16028
362,"1993H","LOWZ",0.02428,8.6E-4,0.0245,0.0236,15.927,0.231,0.068,0.03,-2.049,0.059,16.414,0.048,0,0,0,0,0,0,1,"SN 1993H",208.20975,-30.70647
200,"2005al","CSP",0.01578,8.5E-4,0.01629,0.01538,14.746,0.218,-0.149,0.024,-1.253,0.031,14.61,0.038,0,0,0,0,0,0,1,"SN 2005al",207.50625,-30.57833
201,"2013hn","SOUSA",0.01578,8.5E-4,0.01629,0.01538,14.817,0.289,-0.141,0.056,-1.763,0.156,14.774,0.073,0,0,0,0,0,0,1,"SN 2013hn",207.24654,-30.29069
539,"ASASSN-16dw","FOUND",0.03437,8.8E-4,0.03565,0.03466,16.531,0.215,0.055,0.035,-0.229,0.144,16.719,0.049,0,0,0,0,0,0,1,"ASASSN-16dw",202.50342,-27.9739
58,"1996X","CfA1",0.00676,8.5E-4,0.00812,0.00712,12.72,0.415,-0.077,0.028,-1.076,0.038,12.736,0.05,0,0,0,0,0,0,1,"SN 1996X",199.50471,-26.84592
399,"1992ag","LOWZ",0.02585,8.7E-4,0.02592,0.0249,15.513,0.344,0.201,0.048,-0.677,0.109,16.135,0.07,1,0,0,0,0,0,1,"SN 1992ag",201.04104,-23.87881
464,"AT2017zd","FOUND",0.02969,8.7E-4,0.03048,0.02947,16.025,0.192,-0.056,0.036,0.19,0.121,15.899,0.061,0,0,0,0,0,1,1,"AT2017zd",203.17537,-21.80119
55,"1997br","CfA2",0.00665,8.5E-4,0.00801,0.00699,12.479,0.53,0.238,0.034,0.335,0.064,13.33,0.076,0,0,0,0,0,0,1,"SN 1997br",200.17667,-22.03675
511,"2007ai","CSP",0.0326,8.7E-4,0.03212,0.03176,16.603,0.257,0.123,0.055,1.001,0.1,16.769,0.186,0,0,1,0,0,0,1,"SN 2007ai",243.22392,-21.63019
512,"2007ai","CfA3K",0.0326,8.7E-4,0.03212,0.03176,16.605,0.293,0.154,0.051,1.254,0.232,16.808,0.17,0,0,1,0,0,0,1,"SN 2007ai",243.22392,-21.63019
328,"ASASSN-15il","FOUND",0.02295,8.7E-4,0.02374,0.02331,15.605,0.199,-0.112,0.041,1.248,0.125,15.183,0.102,0,0,0,0,0,1,1,"ASASSN-15il",239.28396,-12.67331
463,"ASASSN-16br","FOUND",0.02956,8.7E-4,0.029,0.02852,16.253,0.189,-0.056,0.04,0.821,0.107,16.032,0.096,0,0,0,0,0,0,1,"ASASSN-16br",236.37631,-13.15279
630,"2008cf","CSP",0.04682,8.8E-4,0.04692,0.04603,17.226,0.146,-0.116,0.024,1.329,0.09,16.778,0.043,0,0,1,1,2,0,1,"SN 2008cf",211.88577,-26.55215
631,"2008cf","CfA4p1",0.04682,8.8E-4,0.04692,0.04603,17.233,0.181,-0.144,0.031,1.288,0.433,16.74,0.048,0,0,1,1,2,0,1,"SN 2008cf",211.88577,-26.55215
664,"PS16bby","FOUND",0.05468,8.8E-4,0.0543,0.05343,17.58,0.177,0.002,0.042,-0.806,0.235,17.704,0.075,0,0,0,0,0,0,1,"PS16bby",215.07525,-22.18906
109,"2009Y","SOUSA",0.00996,8.6E-4,0.0105,0.00974,13.393,0.408,0.161,0.049,-0.149,0.173,13.857,0.07,0,0,1,0,0,0,1,"SN 2009Y",220.59865,-17.24675
110,"2009Y","CSP",0.00996,8.6E-4,0.0105,0.00974,13.493,0.359,0.115,0.024,0.269,0.029,13.768,0.059,0,0,1,0,0,0,1,"SN 2009Y",220.59865,-17.24675
111,"2009Y","CfA4p1",0.00996,8.6E-4,0.0105,0.00974,13.649,0.333,0.037,0.031,0.357,0.075,13.7,0.066,0,0,1,0,0,0,1,"SN 2009Y",220.59865,-17.24675
500,"ATLAS17axb","FOUND",0.03143,8.7E-4,0.03264,0.03165,16.307,0.184,-0.102,0.038,-0.127,0.148,16.111,0.072,0,0,0,0,0,1,1,"ATLAS17axb",205.84687,-19.94364
59,"2017erp","LOSS2",0.00677,8.5E-4,0.00727,0.00662,12.942,0.339,0.033,0.024,0.261,0.022,12.998,0.063,0,0,0,0,0,0,1,"SN 2017erp",227.312,-11.3342
60,"2017erp","FOUND",0.00677,8.5E-4,0.00727,0.00662,12.92,0.37,0.071,0.04,0.472,0.2,13.075,0.065,0,0,0,0,0,0,1,"SN 2017erp",227.312,-11.3342
61,"2017erp","CNIa0.02",0.00677,8.5E-4,0.00727,0.00662,12.952,0.347,0.059,0.031,0.351,0.08,13.06,0.069,0,0,0,0,0,0,1,"SN 2017erp",227.312,-11.3342
346,"2018enc","CNIa0.02",0.02354,8.6E-4,0.0245,0.02389,15.747,0.216,-0.017,0.034,1.983,0.202,15.465,0.074,0,0,0,0,0,0,1,"SN 2018enc",229.86929,-9.88056
63,"2005cf","LOSS1",0.0071,8.4E-4,0.00703,0.00644,13.066,0.324,-0.051,0.023,-0.06,0.023,12.995,0.058,0,0,0,0,0,0,1,"SN 2005cf",230.388,-7.44919
64,"2005cf","SOUSA",0.0071,8.4E-4,0.00703,0.00644,13.08,0.347,-0.047,0.045,-0.126,0.138,13.027,0.067,0,0,0,0,0,0,1,"SN 2005cf",230.388,-7.44919
65,"2005cf","CfA3K",0.0071,8.4E-4,0.00703,0.00644,13.069,0.322,-0.037,0.029,-0.063,0.048,13.034,0.062,0,0,0,0,0,0,1,"SN 2005cf",230.388,-7.44919
588,"2010dw","CfA4p2",0.03902,8.8E-4,0.03871,0.03812,16.76,0.203,0.059,0.032,0.192,0.114,16.873,0.061,0,0,0,0,0,0,1,"SN 2010dw",230.66796,-5.92108
645,"PS15asb","FOUND",0.04989,9.4E-4,0.04952,0.04863,17.218,0.184,0.003,0.04,-1.521,0.245,17.443,0.053,0,0,0,0,0,1,1,"PS15asb",215.08467,-9.30089
604,"2006cz","CfA3K",0.04268,9.0E-4,0.04251,0.04175,16.661,0.293,0.149,0.038,1.557,0.443,16.802,0.058,0,0,0,0,0,0,1,"SN 2006cz",222.15275,-4.74186
292,"2004bw","LOSS1",0.02116,8.7E-4,0.02207,0.0214,15.566,0.195,-0.083,0.032,-1.188,0.065,15.582,0.083,0,0,0,0,0,0,1,"SN 2004bw",225.94479,-3.30456
117,"2006bh","CSP",0.01028,8.6E-4,0.01042,0.01077,14.026,0.246,-0.095,0.023,-1.681,0.038,14.064,0.027,1,0,1,1,2,0,1,"SN 2006bh",340.06708,-66.48508
641,"1990af","LOWZ",0.04934,8.9E-4,0.05018,0.05057,17.347,0.201,-0.069,0.045,-2.168,0.141,17.502,0.038,0,0,0,0,0,0,1,"SN 1990af",323.74217,-62.73539
182,"2001cn","LOWZ",0.01515,8.6E-4,0.01509,0.01515,14.635,0.294,0.118,0.027,-0.554,0.04,15.039,0.045,1,0,0,0,0,0,1,"SN 2001cn",281.57433,-65.76161
713,"1992ae","LOWZ",0.0744,9.0E-4,0.07478,0.0752,18.182,0.22,-0.037,0.054,-0.749,0.15,18.186,0.048,1,0,0,0,0,0,1,"SN 1992ae",322.07475,-61.55039
158,"1992al","LOWZ",0.01388,8.5E-4,0.01434,0.01484,14.444,0.232,-0.13,0.027,-0.284,0.083,14.2,0.036,1,0,0,0,0,0,1,"SN 1992al",311.48537,-51.39442
601,"1992bl","LOWZ",0.04222,8.9E-4,0.0428,0.04359,16.957,0.206,-0.069,0.046,-1.722,0.084,17.049,0.042,1,0,0,0,0,0,1,"SN 1992bl",348.80454,-44.74325
477,"2013fy","SOUSA",0.03075,8.7E-4,0.03099,0.03167,16.099,0.342,0.028,0.073,0.502,0.625,16.092,0.059,0,0,0,0,0,0,1,"SN 2013fy",324.36304,-47.03211
125,"ASASSN-16jf","FOUND",0.01096,8.4E-4,0.0104,0.01144,14.318,0.314,-0.032,0.043,-1.98,0.153,14.602,0.049,0,0,0,0,0,0,1,"ASASSN-16jf",339.24642,-25.23212
141,"2001bt","LOWZ",0.01279,8.6E-4,0.01407,0.01426,14.496,0.416,0.141,0.028,-0.923,0.053,15.028,0.048,1,0,0,0,0,0,1,"SN 2001bt",288.44479,-59.28967
289,"ASASSN-16lc","CNIa0.02",0.02096,8.6E-4,0.02001,0.02033,15.443,0.215,-0.033,0.031,1.192,0.229,15.228,0.045,0,0,0,0,0,0,1,"ASASSN-16lc",292.25501,-51.97049
256,"2000cu","LOSS1",0.01866,8.6E-4,0.01902,0.01957,15.354,0.276,-0.006,0.046,-1.852,0.132,15.683,0.061,0,0,0,0,0,0,1,"SN 2000cu",291.08729,-25.98447
215,"2007fs","LOSS2",0.01666,8.6E-4,0.01633,0.01737,15.088,0.196,-0.078,0.02,0.516,0.079,14.83,0.031,0,0,0,0,0,0,1,"SN 2007fs",330.4185,-21.50822
683,"2008go","LOSS2",0.06137,9.0E-4,0.06116,0.06227,17.708,0.194,-0.007,0.035,-0.813,0.478,17.796,0.042,0,0,1,0,0,0,1,"SN 2008go",332.68679,-20.78811
684,"2008go","CSP",0.06137,9.0E-4,0.06116,0.06227,17.716,0.139,-0.016,0.023,-0.767,0.246,17.774,0.029,0,0,1,0,0,0,1,"SN 2008go",332.68679,-20.78811
1569,"05D4bf","SNLS",0.5873,0.00166,0.58728,0.589,23.371,0.201,-0.005,0.039,0.081,0.23,23.348,0.031,1,0,0,1,0,0,1,"SNLS 05D4bf",334.10977,-18.23207
1571,"03D4gg","SNLS",0.59029,0.00166,0.59028,0.592,23.263,0.247,0.014,0.039,0.994,0.435,23.165,0.035,1,0,0,1,0,0,1,"SNLS 03D4gg",334.16746,-18.16446
1621,"04D4ib","SNLS",0.69718,0.00173,0.69716,0.699,23.716,0.211,-0.139,0.052,0.969,0.217,23.315,0.03,1,0,0,1,0,0,1,"SNLS 04D4ib",334.1738,-18.10509
1591,"04D4fx","SNLS",0.62725,0.00169,0.62723,0.629,23.332,0.243,-0.003,0.034,0.964,0.193,23.258,0.029,1,0,0,1,0,0,1,"SNLS 04D4fx",334.1589,-18.06636
1622,"06D4ba","SNLS",0.69818,0.0101,0.69816,0.7,23.714,0.342,-0.093,0.071,0.678,0.411,23.453,0.05,1,0,0,1,0,0,1,"SNLS 06D4ba",333.8989,-18.22912
1623,"05D4bj","SNLS",0.69918,0.00173,0.69916,0.701,23.687,0.337,0.064,0.055,0.193,0.296,23.835,0.034,1,0,0,1,0,0,1,"SNLS 05D4bj",333.7486,-18.13341
1624,"05D4cq","SNLS",0.69918,0.00173,0.69916,0.701,23.816,0.214,-0.135,0.054,0.637,0.264,23.462,0.032,1,0,0,1,0,0,1,"SNLS 05D4cq",333.54021,-18.22671
1575,"05D4ef","SNLS",0.60328,0.00167,0.60327,0.605,23.497,0.198,-0.07,0.035,-1.552,0.206,23.57,0.033,1,0,0,1,0,0,1,"SNLS 05D4ef",333.4971,-18.21234
1598,"05D4ag","SNLS",0.63824,0.01009,0.63823,0.64,23.406,0.367,0.086,0.059,0.498,0.473,23.622,0.046,1,0,0,1,0,0,1,"SNLS 05D4ag",333.4476,-18.16526
1615,"04D4ic","SNLS",0.68519,0.00172,0.68517,0.687,23.764,0.365,-0.016,0.072,-0.878,0.385,23.85,0.044,1,0,0,1,0,0,1,"SNLS 04D4ic",333.59106,-17.94349
1564,"05D4ej","SNLS",0.5833,0.00166,0.58328,0.585,23.544,0.184,-0.025,0.034,0.222,0.173,23.449,0.029,1,0,0,1,0,0,1,"SNLS 05D4ej",333.96882,-18.19572
1394,"05D4ff","SNLS",0.4005,0.00154,0.40048,0.402,22.239,0.156,-0.007,0.025,-0.725,0.121,22.329,0.03,1,0,0,1,0,0,1,"SNLS 05D4ff",334.084,-18.04256
1470,"03D4au","SNLS",0.46643,0.00158,0.46641,0.468,23.089,0.396,0.116,0.043,0.359,0.333,23.532,0.035,1,0,0,1,0,0,1,"SNLS 03D4au",334.04137,-18.07759
1665,"05D4bi","SNLS",0.77309,0.00178,0.77308,0.775,24.104,0.294,-0.131,0.063,0.974,0.383,23.765,0.039,1,0,0,1,0,0,1,"SNLS 05D4bi",333.98562,-17.98607
1491,"05D4af","SNLS",0.49739,0.0016,0.49737,0.499,22.874,0.224,-0.03,0.031,0.114,0.233,22.841,0.028,1,0,0,1,0,0,1,"SNLS 05D4af",334.13809,-18.00492
1620,"03D4cz","SNLS",0.69318,0.00173,0.69316,0.695,23.663,0.317,-0.069,0.084,-1.765,0.368,23.76,0.047,1,0,0,1,0,0,1,"SNLS 03D4cz",334.17442,-17.92627
1439,"06D4co","SNLS",0.43546,0.00156,0.43544,0.437,22.331,0.131,-0.05,0.023,-0.394,0.095,22.264,0.026,1,0,0,1,0,0,1,"SNLS 06D4co",333.86049,-17.86919
1628,"04D4hu","SNLS",0.70117,0.00174,0.70115,0.703,23.844,0.26,-0.107,0.058,0.04,0.234,23.643,0.033,1,0,0,1,0,0,1,"SNLS 04D4hu",333.90087,-17.8389
1577,"03D4dy","SNLS",0.60827,0.01009,0.60826,0.61,23.337,0.227,-0.102,0.035,1.172,0.184,22.978,0.028,1,0,0,1,0,0,1,"SNLS 03D4dy",333.71052,-17.95648
1640,"06D4bw","SNLS",0.73014,0.00176,0.73012,0.732,23.666,0.321,0.013,0.06,0.66,0.26,23.627,0.037,1,0,0,1,0,0,1,"SNLS 06D4bw",333.76551,-17.88345
1525,"05D4ek","SNLS",0.53435,0.00162,0.53433,0.536,22.89,0.224,0.067,0.031,0.262,0.176,23.034,0.031,1,0,0,1,0,0,1,"SNLS 05D4ek",334.11465,-17.73632
1582,"04D4an","SNLS",0.61127,0.00167,0.61125,0.613,23.652,0.246,0.02,0.041,-0.328,0.408,23.748,0.04,1,0,0,1,0,0,1,"SNLS 04D4an",333.98792,-17.6955
1667,"05D4cs","SNLS",0.78807,0.01011,0.78806,0.79,24.051,0.23,-0.118,0.048,1.397,0.213,23.696,0.031,1,0,0,1,0,0,1,"SNLS 05D4cs",334.32424,-17.88015
1405,"06D4cq","SNLS",0.40949,0.00154,0.40947,0.411,22.425,0.17,-0.045,0.022,0.428,0.095,22.295,0.026,1,0,0,1,0,0,1,"SNLS 06D4cq",334.23135,-17.71198
1590,"03D4dh","SNLS",0.62525,0.00141,0.62523,0.627,23.405,0.213,-0.077,0.035,1.139,0.178,23.112,0.027,1,0,0,1,0,0,1,"SNLS 03D4dh",334.37928,-17.62965
1361,"05D4bm","SNLS",0.37053,0.00152,0.37051,0.372,22.13,0.158,-0.073,0.022,0.237,0.07,21.948,0.027,1,0,0,1,0,0,1,"SNLS 05D4bm",334.26921,-17.67762
83,"2013gh","LOSS2",0.00838,8.5E-4,0.00775,0.00881,13.268,0.465,0.196,0.023,-0.733,0.046,14.131,0.031,0,0,0,0,0,0,1,"SN 2013gh",330.591,-18.9168
84,"2013gh","SOUSA",0.00838,8.5E-4,0.00775,0.00881,13.439,0.484,0.131,0.052,-0.571,0.514,14.066,0.045,0,0,0,0,0,0,1,"SN 2013gh",330.591,-18.9168
1501,"05D4av","SNLS",0.50739,0.00161,0.50737,0.509,22.989,0.288,0.165,0.03,0.871,0.178,23.302,0.029,1,0,0,1,0,0,1,"SNLS 05D4av",333.54393,-17.91194
1635,"05D4ev","SNLS",0.72015,0.00175,0.72013,0.722,23.908,0.242,-0.038,0.061,-1.121,0.282,23.965,0.041,1,0,0,1,0,0,1,"SNLS 05D4ev",333.37677,-17.70079
1532,"04D4bq","SNLS",0.54834,0.01008,0.54832,0.55,22.771,0.362,0.095,0.038,0.659,0.258,23.075,0.033,1,0,0,1,0,0,1,"SNLS 04D4bq",333.70593,-17.82759
1594,"03D4at","SNLS",0.63225,0.00169,0.63223,0.634,23.596,0.323,-0.057,0.067,0.211,0.327,23.472,0.033,1,0,0,1,0,0,1,"SNLS 03D4at",333.60017,-17.77673
1369,"05D4cw","SNLS",0.37353,0.00152,0.37351,0.375,22.058,0.13,-0.134,0.025,-0.842,0.103,21.881,0.028,1,0,0,1,0,0,1,"SNLS 05D4cw",333.70867,-17.73877
1556,"03D4gf","SNLS",0.5783,0.01009,0.57829,0.58,23.164,0.243,-0.037,0.037,0.525,0.316,23.059,0.028,1,0,0,1,0,0,1,"SNLS 03D4gf",333.59555,-17.73403
1400,"05D4dt","SNLS",0.4055,0.00154,0.40547,0.407,22.528,0.133,-0.054,0.024,-0.984,0.105,22.541,0.027,1,0,0,1,0,0,1,"SNLS 05D4dt",333.6077,-17.67111
1652,"04D4im","SNLS",0.74911,0.00177,0.7491,0.751,23.687,0.261,0.014,0.059,1.149,0.253,23.559,0.035,1,0,0,1,0,0,1,"SNLS 04D4im",333.75352,-17.39604
1472,"04D4jr","SNLS",0.46842,0.01007,0.4684,0.47,22.72,0.204,-0.069,0.026,1.537,0.122,22.373,0.025,1,0,0,1,0,0,1,"SNLS 04D4jr",333.55967,-17.35022
1657,"05D4cn","SNLS",0.7611,0.00178,0.76108,0.763,23.924,0.235,0.008,0.056,1.122,0.241,23.788,0.032,1,0,0,1,0,0,1,"SNLS 05D4cn",333.38106,-17.28884
1668,"03D4fd","SNLS",0.78907,0.0018,0.78905,0.791,24.131,0.27,-0.036,0.066,0.821,0.481,23.938,0.041,1,0,0,1,0,0,1,"SNLS 03D4fd",334.06021,-17.39557
1535,"06D4bo","SNLS",0.55033,0.00163,0.55031,0.552,23.12,0.207,-0.046,0.03,0.761,0.179,22.953,0.027,1,0,0,1,0,0,1,"SNLS 06D4bo",333.86714,-17.40918
1474,"04D4ju","SNLS",0.47042,0.00158,0.47039,0.472,22.962,0.404,0.151,0.034,0.438,0.225,23.503,0.029,1,0,0,1,0,0,1,"SNLS 04D4ju",334.26136,-17.33281
1526,"05D4be","SNLS",0.53534,0.00162,0.53532,0.537,23.068,0.203,-0.159,0.028,0.908,0.129,22.607,0.026,1,0,0,1,0,0,1,"SNLS 05D4be",334.22245,-17.2361
1422,"04D4gg","SNLS",0.42247,0.00155,0.42245,0.424,22.395,0.23,0.073,0.026,1.231,0.138,22.463,0.03,1,0,0,1,0,0,1,"SNLS 04D4gg",334.03858,-17.29441
1662,"04D4id","SNLS",0.76709,0.00178,0.76707,0.769,24.306,0.256,-0.171,0.061,0.669,0.444,23.916,0.045,1,0,0,1,0,0,1,"SNLS 04D4id",334.08917,-17.22903
1368,"05D4fo","SNLS",0.37153,0.00152,0.3715,0.373,22.176,0.163,-0.059,0.022,-0.705,0.087,22.176,0.026,1,0,0,1,0,0,1,"SNLS 05D4fo",333.83713,-17.26807
1507,"04D4in","SNLS",0.51437,0.00136,0.51435,0.516,22.973,0.194,-0.076,0.028,1.524,0.147,22.616,0.027,1,0,0,1,0,0,1,"SNLS 04D4in",333.78572,-17.26103
275,"2016hpw","CNIa0.02",0.02034,8.7E-4,0.02019,0.02117,15.564,0.24,0.012,0.029,0.567,0.108,15.585,0.051,0,0,0,0,0,0,0,"SN 2016hpw",317.28279,-18.10394
276,"ATLAS16dqf","FOUND",0.02034,8.7E-4,0.02019,0.02117,15.322,0.375,0.121,0.059,0.804,0.202,15.731,0.088,0,0,0,0,0,0,1,"ATLAS16dqf",317.28279,-18.10394
720,"PS15bif","FOUND",0.07845,9.4E-4,0.07855,0.07937,18.319,0.148,-0.026,0.035,0.316,0.3,18.222,0.057,0,0,0,0,0,1,1,"PS15bif",305.07404,-23.74353
439,"2002el","LOSS1",0.02849,8.7E-4,0.02778,0.02873,15.852,0.18,-0.077,0.027,-1.27,0.079,15.893,0.055,0,0,0,0,0,0,1,"SN 2002el",314.12537,-18.55953
415,"2013fn","SOUSA",0.0273,8.6E-4,0.02724,0.02823,16.036,0.298,-0.05,0.059,0.038,0.512,15.947,0.047,0,0,0,0,0,0,1,"SN 2013fn",315.099,-14.49783
799,"17366","SDSS",0.13822,9.5E-4,0.13811,0.13929,19.633,0.126,-0.091,0.024,0.565,0.168,19.334,0.047,1,1,0,0,0,0,1,"SDSS-II SN 17366",315.78729,-1.02919
